ID,Rank,Player,N,Prime Date,Prime Rank,DOB,RET,W/O,RET+W/O,Total Matches,Years,Age
7338,1,Alexandra Stevenson ,USA,28-Oct-02,18,15-Dec-80,64,1,65,767,20,35.09
6151,2,Romina Oprandi ,SUI,10-Jun-13,32,29-Mar-86,29,7,36,594,15,29.80
1007,3,Marion Bartoli ,FRA,30-Jan-12,7,2-Oct-84,31,4,35,800,15,31.29
7082,4,Virginie Razzano ,FRA,14-Sep-09,16,12-May-83,31,1,32,723,18,32.68
6564,5,Nadia Petrova ,RUS,15-May-06,3,8-Jun-82,24,6,30,845,19,33.61
11289,6,Victoria Azarenka ,BLR,30-Jan-12,1,31-Jul-89,22,7,29,607,13,26.46
9044,7,Serena Williams ,USA,8-Jul-02,1,26-Sep-81,13,15,28,879,20,34.31
3932,8,Jelena Jankovic ,SRB,11-Aug-08,1,28-Feb-85,24,3,27,949,16,30.88
4189,9,Eva Krejcova ,CZE,10-Sep-01,184,12-Nov-76,24,2,26,370,12,39.18
700,10,Kristina Brandi ,PUR,4-Dec-00,27,29-Mar-77,23,3,26,777,17,38.81
5875,11,Henrieta Nagyova ,SVK,17-Sep-01,21,15-Dec-78,22,4,26,607,14,37.09
1473,12,Tathiana Garbin ,ITA,21-May-07,22,30-Jun-77,22,4,26,767,19,38.55
7054,13,Anastasia Rodionova ,AUS,16-Aug-10,62,12-May-82,23,2,25,876,19,33.68
7648,14,Selima Sfar ,TUN,16-Jul-01,75,8-Jul-77,21,4,25,782,19,38.53
12089,15,Ayumi Morita ,JPN,3-Oct-11,40,11-Mar-90,22,2,24,474,12,25.85
7867,16,Valentina Sassi ,ITA,8-Apr-02,144,12-Jul-80,23,0,23,539,12,35.52
8779,17,Nathalie Vierin ,ITA,15-May-06,103,15-Oct-82,22,1,23,583,13,33.26
4421,18,Aniko Kapros ,HUN,10-May-04,44,11-Nov-83,21,2,23,384,13,32.18
6787,19,Barbara Rittner ,GER,1-Feb-93,24,25-Apr-73,20,2,22,592,18,42.74
6602,20,Frederica Piedade ,POR,15-May-06,142,5-Jun-82,19,3,22,549,13,33.62
10244,21,Heidi El Tabakh ,CAN,8-Oct-12,146,25-Sep-86,19,2,21,603,14,29.31
6355,22,Shuai Peng ,CHN,22-Aug-11,14,8-Jan-86,15,6,21,649,16,30.02
4218,23,Sandra Kleinova ,CZE,5-Jan-98,41,8-May-78,19,1,20,680,15,37.70
4792,24,Lindsay Lee-Waters ,USA,1-Apr-96,33,28-Jun-77,15,5,20,841,22,38.56
11771,25,Sabine Lisicki ,GER,21-May-12,12,22-Sep-89,14,6,20,482,12,26.32
1836,26,Lindsay Davenport ,USA,12-Oct-98,1,8-Jun-76,9,11,20,963,19,39.61
12273,27,Tamira Paszek ,AUT,11-Feb-13,26,6-Dec-90,19,0,19,457,11,25.11
8787,28,Julia Vakulenko ,UKR,19-Nov-07,32,10-Jul-83,19,0,19,473,13,32.52
291,29,Monique Adamczak ,AUS,19-Apr-10,138,21-Jan-83,16,3,19,684,18,32.99
7721,30,Meghann Shaughnessy ,USA,10-Sep-01,11,13-Apr-79,12,7,19,728,18,36.77
932,31,Elena Baltacha ,GBR,13-Sep-10,49,14-Aug-83,11,8,19,577,17,32.43
11827,32,Magdalena Rybarikova ,SVK,19-Aug-13,31,4-Oct-88,17,1,18,583,12,27.28
1860,33,Kimiko Date-Krumm ,JPN,13-Nov-95,4,28-Sep-70,17,1,18,713,18,45.31
12135,34,Dominika Cibulkova ,SVK,31-Mar-14,10,6-May-89,16,2,18,571,12,26.70
10462,35,Yaroslava Shvedova ,KAZ,29-Oct-12,25,12-Sep-87,15,3,18,556,14,28.35
1626,36,u'St\xe9phanie Cohen-Aloro ,FRA,6-Oct-03,61,18-Mar-83,17,0,17,548,13,32.84
10569,37,Olga Govortsova ,BLR,23-Jun-08,35,23-Aug-88,17,0,17,573,14,27.40
3089,38,Stephanie Gehrlein ,GER,14-Jun-04,121,10-Apr-82,16,1,17,385,14,33.77
4438,39,Zuzana Kucova ,SVK,7-Jun-10,101,26-Jun-82,16,1,17,589,14,33.56
6548,40,Camille Pin ,FRA,8-Jan-07,61,25-Aug-81,16,1,17,667,15,34.40
8820,41,Ana Vrljic ,CRO,26-Aug-13,180,1-Aug-84,16,1,17,712,15,31.46
1919,42,Germana Di Natale ,ITA,12-Jun-00,149,2-Apr-74,14,3,17,332,12,41.80
9891,43,Maria Kirilenko ,RUS,10-Jun-13,10,25-Jan-87,14,3,17,627,14,28.98
972,44,Eva Birnerova ,CZE,29-Jan-07,59,14-Aug-84,14,3,17,643,17,31.42
4788,45,Emilie Loit ,FRA,19-Apr-04,27,9-Jun-79,12,5,17,682,16,36.61
14183,46,Vitalia Diatchenko ,RUS,17-Nov-14,71,2-Aug-90,16,0,16,304,9,25.45
12761,47,Ksenia Pervak ,RUS,19-Sep-11,37,27-May-91,16,0,16,418,11,24.64
7931,48,Claudine Schaul ,LUX,24-May-04,41,20-Aug-83,16,0,16,597,16,32.41
2394,49,Silvia Farina Elia ,ITA,20-May-02,11,27-Apr-72,16,0,16,841,18,43.73
4441,50,Anne Keothavong ,GBR,23-Feb-09,48,16-Sep-83,15,1,16,734,15,32.34
13120,51,Johanna Konta ,GBR,19-Oct-15,46,17-May-91,14,2,16,383,10,24.67
7866,52,Julia Schruff ,GER,17-Apr-06,52,16-Aug-82,14,2,16,638,15,33.42
10733,53,Regina Kulikova ,RUS,3-May-10,65,30-Jan-89,13,3,16,275,9,26.96
13772,54,Kiki Bertens ,NED,15-Apr-13,41,10-Dec-91,15,0,15,399,10,24.10
8576,55,Noelle Van Lottum ,FRA,11-Jan-93,57,12-Jul-72,14,1,15,393,13,43.52
11957,56,Alexandra Dulgheru ,ROU,11-Apr-11,26,30-May-89,14,1,15,490,12,26.63
14447,57,Lesia Tsurenko ,UKR,26-Oct-15,33,30-May-89,14,1,15,495,9,26.63
3898,58,Mervana Jugic-Salkic ,BIH,21-Jun-04,99,14-May-80,14,1,15,662,17,35.68
1682,59,Melinda Czink ,HUN,21-Sep-09,37,22-Oct-82,14,1,15,764,15,33.24
2609,60,Rika Fujiwara ,JPN,22-Aug-05,84,19-Sep-81,13,2,15,762,19,34.33
9376,61,Vera Zvonareva ,RUS,25-Oct-10,2,7-Sep-84,11,4,15,714,16,31.36
2018,62,Elena Dementieva ,RUS,6-Apr-09,3,15-Oct-81,10,5,15,859,16,34.26
8697,63,Ludmilla Varmuza ,SMR,14-Jul-97,159,25-Feb-79,14,0,14,201,10,36.90
13872,64,Lyudmyla Kichenok ,UKR,21-Jul-14,156,20-Jul-92,14,0,14,327,10,23.49
11556,65,Ye-Ra Lee ,KOR,22-Sep-08,178,14-Sep-87,14,0,14,400,12,28.34
929,66,Severine Beltrame ,FRA,5-Feb-07,34,14-Aug-79,14,0,14,690,17,36.43
9297,67,Alina Jidkova ,RUS,7-Mar-05,51,18-Jan-77,14,0,14,887,20,39.00
14919,68,Bianca Botto ,PER,20-Apr-15,199,6-Jun-91,13,1,14,306,9,24.61
7644,69,Syna Schreiber ,GER,17-Nov-97,152,20-Nov-78,13,1,14,407,13,37.16
7716,70,Milagros Sequera ,VEN,9-Jul-07,48,30-Sep-80,13,1,14,526,15,35.30
2073,71,Jelena Dokic ,AUS,19-Aug-02,4,12-Apr-83,13,1,14,572,17,32.77
3561,72,Vanessa Henke ,GER,26-Sep-05,137,15-Jan-81,13,1,14,601,16,35.01
10032,73,Olga Puchkova ,RUS,11-Jun-07,32,27-Sep-87,13,1,14,613,14,28.30
11043,74,u'Beatriz Garc\xeda Vidagany ,ESP,5-Jul-10,146,17-Nov-88,12,2,14,439,13,27.16
4939,75,Varvara Lepchenko ,USA,1-Oct-12,19,21-May-86,12,2,14,750,16,29.66
7232,76,u'Paola Su\xe1rez ,ARG,7-Jun-04,9,23-Jun-76,11,3,14,615,19,39.57
6578,77,Flavia Pennetta ,ITA,28-Sep-15,6,25-Feb-82,10,4,14,953,19,33.89
9027,78,Venus Williams ,USA,25-Feb-02,1,17-Jun-80,6,8,14,917,22,35.59
17559,79,Tereza Martincova ,CZE,3-Aug-15,171,24-Oct-94,13,0,13,276,6,21.22
2907,80,Sophie Georges ,FRA,11-Jun-01,182,8-Feb-77,13,0,13,350,12,38.94
9939,81,Anna Chakvetadze ,RUS,10-Sep-07,5,5-Mar-87,13,0,13,467,12,28.87
4500,82,Darya Kustova ,BLR,18-Jan-10,117,29-May-86,13,0,13,472,13,29.64
5492,83,Akiko Morigami ,JPN,15-Aug-05,41,12-Jan-80,13,0,13,529,15,36.02
12631,84,Caroline Wozniacki ,DEN,11-Oct-10,1,11-Jul-90,13,0,13,670,11,25.52
4838,85,Mirjana Lucic-Baroni ,CRO,11-May-98,32,9-Mar-82,12,1,13,642,19,33.86
1082,86,Ekaterina Bychkova ,RUS,20-Feb-06,66,5-Jun-85,12,1,13,708,15,30.62
3589,87,Daniela Hantuchova ,SVK,27-Jan-03,5,23-Apr-83,12,1,13,935,18,32.74
5984,88,Zuzana Ondraskova ,CZE,9-Feb-04,74,3-May-80,10,3,13,702,18,35.71
10892,89,Elena Chalova ,RUS,9-Nov-09,151,16-May-87,9,4,13,288,9,28.67
1583,90,Kim Clijsters ,BEL,11-Aug-03,1,8-Jun-83,8,5,13,657,15,32.61
4994,91,Melissa Mazzotta ,USA,3-Mar-97,182,21-Jun-72,12,0,12,280,14,43.58
13874,92,Nadiia Kichenok ,UKR,6-Jan-14,100,20-Jul-92,12,0,12,355,10,23.49
14453,93,u'Aliz\xe9 Lim ,FRA,26-May-14,135,13-Jul-90,12,0,12,422,9,25.51
12874,94,Vesna Dolonc ,SRB,8-Jul-13,84,21-Jul-89,12,0,12,495,11,26.49
360,95,Akgul Amanmuradova ,UZB,26-May-08,50,23-Jun-84,12,0,12,613,16,31.57
1595,96,Margalita Chakhnashvili-Ranzinger ,GEO,30-Jul-07,134,9-Dec-82,12,0,12,730,19,33.11
5606,97,Caroline Maes ,BEL,28-May-07,151,9-Nov-82,11,1,12,447,12,33.19
3960,98,Helen Kelesi ,CAN,20-Nov-89,13,15-Nov-69,11,1,12,447,12,46.18
12447,99,Alexandra Cadantu ,ROU,6-Jan-14,59,3-May-90,11,1,12,490,11,25.70
6297,100,Mary Pierce ,FRA,30-Jan-95,3,15-Jan-75,11,1,12,750,18,41.01
4663,101,Elena Likhovtseva ,RUS,25-Oct-99,15,8-Sep-75,11,1,12,808,20,40.36
4291,102,Gabrielle Kucerova ,GER,27-Jul-98,180,28-Nov-77,10,2,12,216,8,38.14
12202,103,Anna Tatishvili ,USA,8-Oct-12,50,3-Feb-90,10,2,12,570,11,25.95
10548,104,Elena Vesnina ,RUS,22-Jul-13,21,1-Aug-86,10,2,12,626,14,29.46
13516,105,Simona Halep ,ROU,11-Aug-14,2,27-Sep-91,9,3,12,470,10,24.30
5433,106,Corina Morariu ,USA,24-Aug-98,29,26-Jan-78,8,4,12,297,14,37.98
12929,107,Petra Martic ,CRO,11-Jun-12,42,19-Jan-91,7,5,12,415,11,24.99
10844,108,Vania King ,USA,6-Nov-06,50,3-Feb-89,7,5,12,455,13,26.95
5394,109,u'Am\xe9lie Mauresmo ,FRA,13-Sep-04,1,5-Jul-79,7,5,12,777,17,36.54
9499,110,Maria Sharapova ,RUS,22-Aug-05,1,19-Apr-87,4,8,12,753,15,28.75
3145,111,Maria Vanina Garcia Sokol ,ARG,21-Feb-05,191,27-Dec-83,11,0,11,328,10,32.06
8560,112,Shikha Uberoi ,IND,29-Aug-05,122,5-Apr-83,11,0,11,397,15,32.79
1972,113,Surina De Beer ,RSA,6-Jul-98,116,28-Jun-78,11,0,11,448,16,37.56
12788,114,Maria Fernanda Alvarez Teran ,BOL,28-Sep-09,187,28-Feb-89,11,0,11,460,11,26.88
7725,115,Tara Snyder ,USA,16-Nov-98,33,26-May-77,11,0,11,537,13,38.65
9530,116,Jarmila Wolfe ,AUS,16-May-11,25,26-Apr-87,11,0,11,668,15,28.73
7251,117,Brenda Schultz-McCarthy ,NED,20-May-96,9,28-Dec-70,11,0,11,697,18,45.06
4152,118,Anne Kremer ,LUX,29-Jul-02,18,17-Oct-75,11,0,11,915,23,40.26
12585,119,Amra Sadikovic ,SUI,14-May-12,179,6-May-89,10,1,11,415,11,26.70
11325,120,Andreja Klepac ,SLO,14-Jul-08,99,13-Mar-86,10,1,11,442,12,29.85
3407,121,Janette Husarova ,SVK,13-Jan-03,31,4-Jun-74,10,1,11,538,24,41.63
12610,122,Julia Goerges ,GER,5-Mar-12,15,2-Nov-88,10,1,11,569,11,27.20
10442,123,Dia Evtimova ,BUL,31-Oct-11,145,30-Apr-87,10,1,11,737,14,28.72
3944,124,Jamea Jackson ,USA,13-Nov-06,45,7-Sep-86,9,2,11,209,9,29.36
12192,125,Lauren Albanese ,USA,15-Jun-09,158,1-Oct-89,9,2,11,417,11,26.29
5216,126,Dominique Monami ,BEL,12-Oct-98,9,31-May-73,9,2,11,480,12,42.64
3258,127,Patricia Hy-Boulais ,CAN,8-Mar-93,28,22-Aug-65,9,2,11,483,18,50.42
2349,128,Mary Joe Fernandez ,USA,22-Oct-90,4,19-Aug-71,9,2,11,643,17,44.42
1687,129,Petra Cetkovska ,CZE,18-Jun-12,25,8-Feb-85,9,2,11,646,16,30.94
9251,130,Natasha Zvereva ,BLR,22-May-89,5,16-Apr-71,9,2,11,689,17,44.76
4846,131,Na Li ,CHN,17-Feb-14,2,26-Feb-82,8,3,11,699,16,33.89
5564,132,Anabel Medina Garrigues ,ESP,4-May-09,16,31-Jul-82,7,4,11,836,19,33.47
7001,133,Angelika Roesch ,GER,24-Feb-03,69,8-Jun-77,6,5,11,718,16,38.61
2596,134,Anna Floris ,ITA,16-Aug-10,129,15-May-82,6,5,11,765,17,33.68
14837,135,Zarina Diyas ,KAZ,12-Jan-15,31,18-Oct-93,10,0,10,318,9,22.24
11336,136,Claire De Gubernatis ,FRA,13-Sep-10,196,18-Jul-86,10,0,10,345,9,29.50
4987,137,Marion Maruska ,AUT,6-Oct-97,50,15-Dec-72,10,0,10,440,16,43.10
11303,138,Yung-Jan Chan ,TPE,11-Jun-07,50,17-Aug-89,10,0,10,471,13,26.41
11831,139,Evgeniya Rodina ,RUS,28-Feb-11,74,4-Feb-89,10,0,10,554,12,26.95
1882,140,Seda Noorlander ,NED,13-Dec-99,80,22-May-74,10,0,10,691,17,41.66
835,141,Alberta Brianti ,ITA,13-Jun-11,55,5-Apr-80,10,0,10,921,21,35.79
7208,142,Katarina Studenikova ,SVK,23-Dec-96,31,2-Sep-72,9,1,10,362,10,43.38
10549,143,Oxana Lyubtsova ,UKR,21-Jul-08,149,13-Sep-85,9,1,10,375,11,30.34
7132,144,Sunitha Rao ,IND,7-Jul-08,144,27-Oct-85,9,1,10,386,10,30.22
1784,145,Sandra Dopfer ,AUT,29-Aug-94,70,25-May-70,9,1,10,395,15,45.66
8483,146,Elise Tamaela ,NED,12-Feb-07,129,22-Jan-84,9,1,10,401,11,31.99
10116,147,Meng Yuan ,CHN,10-Mar-08,86,9-May-86,9,1,10,402,9,29.69
11493,148,Alexa Glatch ,USA,3-Aug-09,102,10-Sep-89,9,1,10,473,12,26.35
11998,149,Ksenia Ulukan ,KGZ,23-Mar-09,163,13-Dec-89,9,1,10,495,12,26.09
9733,150,Eva Fernandez-Brugues ,ESP,19-Oct-09,185,5-May-86,9,1,10,549,13,29.70
10661,151,u'Carla Su\xe1rez Navarro ,ESP,18-May-15,8,3-Sep-88,9,1,10,652,13,27.37
7820,152,Francesca Schiavone ,ITA,31-Jan-11,4,23-Jun-80,9,1,10,1012,20,35.57
2610,153,u'Clarisa Fern\xe1ndez ,ARG,31-Mar-03,26,28-Aug-81,8,2,10,360,12,34.39
7397,154,Irina Spirlea ,ROM,13-Oct-97,7,26-Mar-74,8,2,10,484,11,41.82
6736,155,Kathy Rinaldi Stunkel ,USA,26-May-86,7,24-Mar-67,8,2,10,487,20,48.83
9007,156,Marlene Weingartner ,GER,4-Feb-02,36,30-Jan-80,8,2,10,492,14,35.97
10305,157,Claire Feuerstein ,FRA,18-Aug-14,110,28-Feb-86,8,2,10,583,14,29.88
1673,158,Julie Coin ,FRA,27-Jul-09,60,2-Dec-82,8,2,10,630,16,33.13
4830,159,Nuria Llagostera Vives ,ESP,6-Jun-05,35,16-May-80,8,2,10,648,19,35.67
10561,160,Estrella Cabeza Candela ,ESP,13-May-13,95,20-Feb-87,8,2,10,662,14,28.90
5888,161,Kyra Nagy ,HUN,31-Jul-06,122,29-Dec-77,8,2,10,704,20,38.05
7233,162,Anna Smashnova ,ISR,3-Feb-03,15,16-Jul-76,8,2,10,707,18,39.51
2281,163,Sophie Erre ,FRA,12-Jun-00,165,6-Apr-79,7,3,10,260,11,36.79
9985,164,Ekaterina Lopes ,RUS,24-Aug-09,136,18-Dec-87,7,3,10,548,13,28.08
10999,165,Ana Ivanovic ,SRB,9-Jun-08,1,6-Nov-87,7,3,10,682,13,28.19
8240,166,Tamarine Tanasugarn ,THA,13-May-02,19,24-May-77,7,3,10,1002,26,38.65
7693,167,Patty Schnyder ,SUI,14-Nov-05,7,14-Dec-78,6,4,10,962,20,37.10
13656,168,Coco Vandeweghe ,USA,2-Feb-15,32,6-Dec-91,9,0,9,386,10,24.11
2865,169,Lea Ghirardi ,FRA,12-Jun-95,73,10-Feb-74,9,0,9,422,13,41.94
9572,170,Ahsha Rolle ,USA,10-Sep-07,82,21-Mar-85,9,0,9,446,12,30.82
12402,171,Irina-Camelia Begu ,ROU,12-Oct-15,25,26-Aug-90,9,0,9,473,11,25.39
10129,172,Irina Buryachok ,UKR,14-Jun-10,183,5-Jul-86,9,0,9,478,13,29.53
11787,173,Yanina Wickmayer ,BEL,19-Apr-10,12,20-Oct-89,9,0,9,563,12,26.24
7196,174,Larisa Neiland ,LAT,23-May-88,13,21-Jul-66,9,0,9,607,18,49.50
7650,175,Hana Sromova ,CZE,19-Jun-06,87,10-Apr-78,9,0,9,619,16,37.78
4853,176,Kelly Liggan ,IRL,15-Sep-03,181,5-Feb-79,9,0,9,653,14,36.95
1069,177,Nina Bratchikova ,RUS,10-Dec-12,79,28-Jun-85,9,0,9,668,15,30.55
4222,178,Oleksandra Kravets ,UKR,10-May-04,183,29-Oct-83,8,1,9,206,7,32.22
13931,179,Tamaryn Hendler ,BEL,9-Jul-12,178,12-Aug-92,8,1,9,216,8,23.42
9454,180,Anais Laurendon ,FRA,11-Oct-10,180,15-Apr-85,8,1,9,407,11,30.76
12052,181,Melanie Klaffner ,AUT,27-Jan-14,175,22-May-90,8,1,9,472,12,25.65
3754,182,Kumiko Iijima ,JPN,9-May-11,182,22-Oct-82,8,1,9,478,17,33.24
680,183,Kristie Boogert ,NED,5-Feb-96,29,16-Dec-73,8,1,9,496,13,42.09
11369,184,Marina Erakovic ,NZL,7-May-12,39,6-Mar-88,8,1,9,527,12,27.86
276,185,Maret Ani ,EST,15-May-06,63,31-Jan-82,8,1,9,600,15,33.96
8305,186,Meilen Tu ,USA,11-Jun-07,35,17-Jan-78,8,1,9,638,16,38.00
3653,187,Eva Hrdinova ,CZE,14-Apr-08,168,15-Jun-84,7,2,9,421,16,31.59
10677,188,Julia Cohen ,USA,30-Jul-12,97,23-Mar-89,7,2,9,554,13,26.82
9680,189,Kirsten Flipkens ,BEL,5-Aug-13,13,10-Jan-86,7,2,9,671,15,30.02
1984,190,Nathalie Dechy ,FRA,9-Jan-06,11,21-Feb-79,7,2,9,777,16,36.91
4407,191,Klara Koukalova ,CZE,15-Apr-13,20,24-Feb-82,7,2,9,933,18,33.90
8044,192,Yevgenia Savranska ,UKR,17-Jul-06,172,20-Feb-84,6,3,9,452,10,31.91
9869,193,Lucie Safarova ,CZE,14-Sep-15,5,4-Feb-87,6,3,9,660,14,28.95
8210,194,Sandrine Testud ,FRA,7-Feb-00,9,3-Apr-72,6,3,9,680,16,43.80
7274,195,Pam Shriver ,USA,20-Feb-84,3,4-Jul-62,6,3,9,864,22,53.55
819,196,Olga Barabanschikova ,BLR,2-Mar-98,49,2-Nov-79,5,4,9,379,11,36.21
6871,197,Chanda Rubin ,USA,8-Apr-96,6,18-Feb-76,5,4,9,657,18,39.92
5191,198,Magdalena Maleeva ,BUL,29-Jan-96,4,1-Apr-75,4,5,9,739,17,40.80
15680,199,Laura Robson ,GBR,8-Jul-13,27,21-Jan-94,8,0,8,220,8,21.98
13588,200,Nikola Hofmanova ,AUT,12-Apr-10,161,3-Feb-91,8,0,8,228,9,24.95
5713,201,Sanda Mamic ,CRO,18-Jul-05,83,22-Mar-85,8,0,8,249,9,30.82
17343,202,Irina Khromacheva ,RUS,9-Jul-12,165,12-May-95,8,0,8,262,6,20.68
17262,203,Valeriya Solovyeva ,RUS,27-May-13,163,3-Nov-92,8,0,8,265,6,23.20
14577,204,Ana Bogdan ,ROU,26-Oct-15,146,25-Nov-92,8,0,8,306,9,23.14
8999,205,Jo Ward ,GBR,2-Nov-98,156,22-Jun-75,8,0,8,321,13,40.58
8336,206,Daphne Van De Zande ,BEL,22-Jun-98,161,21-Jul-74,8,0,8,345,16,41.50
13856,207,Noppawan Lertcheewakarn ,THA,26-Sep-11,149,18-Nov-91,8,0,8,359,10,24.16
12535,208,Ksenia Lykina ,RUS,19-Apr-10,171,19-Jun-90,8,0,8,365,11,25.58
5780,209,Katarzyna Nowak ,POL,11-Sep-95,47,13-Jan-69,8,0,8,381,12,47.02
2343,210,Patty Fendick ,USA,27-Mar-89,19,31-Mar-65,8,0,8,433,14,50.81
14741,211,Lenka Jurikova ,SVK,2-May-11,196,11-Aug-90,8,0,8,439,9,25.43
11919,212,Kristina Kucova ,SVK,3-Aug-09,103,23-May-90,8,0,8,498,11,25.65
13013,213,Anastasia Pavlyuchenkova ,RUS,4-Jul-11,13,3-Jul-91,8,0,8,503,11,24.54
10701,214,Yurika Sema ,JPN,30-Nov-09,142,25-Dec-86,8,0,8,606,13,29.06
10789,215,u'S\xedlvia Soler-Espinosa ,ESP,21-May-12,54,19-Nov-87,8,0,8,615,13,28.16
10164,216,Alla Kudryavtseva ,RUS,4-Oct-10,56,3-Nov-87,8,0,8,626,13,28.20
7220,217,Barbara Schett ,AUT,13-Sep-99,7,10-Mar-76,8,0,8,629,16,39.86
10127,218,Olga Savchuk ,UKR,19-May-08,79,20-Sep-87,8,0,8,635,14,28.32
3940,219,Mathilde Johansson ,FRA,6-Apr-09,59,28-Apr-85,8,0,8,693,16,30.72
2033,220,"""Laura Dell'Angelo ""]",ITA,19-Jun-00,175,17-May-81,7,1,8,300,10,34.67
10940,221,Carmen Klaschka ,GER,27-Jul-09,167,8-Jan-87,7,1,8,307,9,29.02
10887,222,Bibiane Weijers ,NED,11-Jun-12,142,13-May-88,7,1,8,336,13,27.68
11168,223,Agnes Szavay ,HUN,14-Apr-08,13,29-Dec-88,7,1,8,346,10,27.05
9305,224,Maria Paola Zavagli ,ITA,21-Dec-98,161,4-Jun-77,7,1,8,352,13,38.62
12619,225,Anastasia Pivovarova ,RUS,23-May-11,93,16-Jun-90,7,1,8,378,10,25.58
8116,226,Catherine Tanvier ,FRA,17-Sep-84,20,28-May-65,7,1,8,404,20,50.65
13196,227,Anastasija Sevastova ,LAT,31-Jan-11,36,13-Apr-90,7,1,8,413,9,25.76
6594,228,Tatiana Perebiynis ,UKR,21-Apr-08,55,15-Dec-82,7,1,8,457,15,33.09
12288,229,Tadeja Majeric ,SLO,25-Nov-13,111,31-Aug-90,7,1,8,466,11,25.38
11882,230,Xinyun Han ,CHN,21-Feb-11,125,30-May-90,7,1,8,467,12,25.63
11166,231,Arina Rodionova ,AUS,24-May-10,157,15-Dec-89,7,1,8,504,12,26.08
7666,232,Miho Saeki ,JPN,8-Jun-98,56,18-Mar-76,7,1,8,520,15,39.84
7824,233,Mara Santangelo ,ITA,9-Jul-07,27,28-Jun-81,7,1,8,528,15,34.56
10617,234,Karin Knapp ,ITA,24-Aug-15,33,28-Jun-87,7,1,8,620,13,28.55
2919,235,Emmanuelle Gagliardi ,SUI,13-May-02,42,9-Jul-76,7,1,8,734,17,39.53
1472,236,Amelie Cocheteux ,FRA,10-May-99,55,27-Mar-78,6,2,8,313,9,37.81
393,237,Yayuk Basuki ,INA,6-Oct-97,19,30-Nov-70,6,2,8,412,23,45.14
11069,238,Shuai Zhang ,CHN,7-Jul-14,30,21-Jan-89,6,2,8,554,13,26.98
8262,239,Silvija Talaja ,CRO,29-May-00,18,14-Jan-78,6,2,8,578,17,38.01
10884,240,Johanna Larsson ,SWE,11-Jul-11,46,17-Aug-88,6,2,8,583,13,27.41
4450,241,Kaia Kanepi ,EST,20-Aug-12,15,10-Jun-85,6,2,8,664,17,30.60
6523,242,Tina Pisnik ,SLO,12-Jan-04,29,19-Feb-81,5,3,8,360,11,34.91
8659,243,Miroslava Vavrinec ,SUI,10-Sep-01,76,1-Apr-78,5,3,8,365,11,37.80
3207,244,Sylvia Hanika ,GER,12-Sep-83,5,30-Nov-59,5,3,8,573,13,56.15
5343,245,u'Conchita Mart\xednez Granados ,ESP,5-May-03,66,20-Jan-76,5,3,8,666,16,40.00
7354,246,Monica Seles ,USA,11-Mar-91,1,2-Dec-73,5,3,8,723,15,42.13
18963,247,Allie Kiick ,USA,15-Sep-14,136,30-Jun-95,7,0,7,189,5,20.54
5278,248,Anne Mall ,IRL,29-Aug-94,139,10-Dec-74,7,0,7,234,10,41.11
18116,249,Tereza Smitkova ,CZE,6-Apr-15,57,10-Oct-94,7,0,7,249,6,21.26
2996,250,Magdalena Grzybowska ,POL,10-Aug-98,30,22-Nov-78,7,0,7,254,9,37.16
13048,251,Julia Boserup ,USA,9-Apr-12,174,9-Sep-91,7,0,7,326,10,24.35
2636,252,Galina Fokina ,RUS,27-May-02,168,17-Jan-84,7,0,7,350,13,32.00
9474,253,Ivana Lisjak ,CRO,12-Jun-06,95,17-Mar-87,7,0,7,366,14,28.84
6643,254,Virginie Pichet ,FRA,21-Jun-04,120,28-Jan-83,7,0,7,431,11,32.97
3994,255,Karin Kschwendt ,AUT,12-Aug-96,37,14-Sep-68,7,0,7,465,15,47.35
10918,256,Laura Thorpe ,FRA,6-Jun-11,161,24-May-87,7,0,7,468,13,28.65
8673,257,Alena Vaskova ,CZE,9-Jul-01,115,8-Nov-75,7,0,7,482,15,40.20
3012,258,Paula Garcia ,ESP,23-May-05,139,19-Mar-79,7,0,7,504,13,36.84
11799,259,Florencia Molinero ,ARG,2-Apr-12,170,28-Nov-88,7,0,7,558,12,27.13
9419,260,Su-Wei Hsieh ,TPE,25-Feb-13,23,4-Jan-86,7,0,7,595,15,30.03
4738,261,Francesca Lubiani ,ITA,26-May-97,58,12-Jul-77,7,0,7,605,15,38.52
1928,262,Mariana Diaz-Oliva ,ARG,9-Jul-01,42,11-Mar-76,7,0,7,674,17,39.86
1028,263,Yuliya Beygelzimer ,UKR,25-Sep-06,83,20-Oct-83,7,0,7,838,17,32.24
8754,264,Roberta Vinci ,ITA,10-Jun-13,11,18-Feb-83,7,0,7,880,19,32.91
2029,265,u'Lourdes Dom\xednguez Lino ,ESP,11-Sep-06,40,31-Mar-81,7,0,7,951,20,34.80
487,266,Elena Bryukhovets ,RUS,17-Jun-91,46,8-Jun-71,6,1,7,275,12,44.62
1957,267,Kim De Weille ,NED,13-Feb-95,116,4-Apr-76,6,1,7,286,9,39.79
5948,268,Hanna Nooni ,SWE,18-Jul-05,152,9-Mar-84,6,1,7,291,12,31.86
17132,269,Alison Van Uytvanck ,BEL,26-Oct-15,41,26-Mar-94,6,1,7,309,7,21.81
433,270,Manon Bollegraf ,NED,9-Jul-90,29,10-Apr-64,6,1,7,314,16,51.78
8392,271,Iroda Tulyaganova ,UZB,17-Jun-02,16,7-Jan-82,6,1,7,350,16,34.03
14516,272,Mona Barthel ,GER,18-Mar-13,23,11-Jul-90,6,1,7,461,9,25.52
5567,273,Marta Marrero ,ESP,18-Oct-04,47,16-Jan-83,6,1,7,495,13,33.00
10012,274,Lina Stanciute ,LTU,28-Sep-09,197,7-Feb-86,6,1,7,518,13,29.94
8108,275,Dinara Safina ,RUS,20-Apr-09,1,27-Apr-86,6,1,7,536,12,29.72
11598,276,Stefanie Voegele ,SUI,11-Nov-13,42,10-Mar-90,6,1,7,569,12,25.85
9089,277,Kathrin Woerle-Scheller ,GER,22-Feb-10,119,18-Feb-84,6,1,7,732,17,31.91
6879,278,Stephanie Rottier ,NED,26-Apr-93,30,22-Jan-74,5,2,7,254,9,41.99
6947,279,Ludmila Richterova ,CZE,18-Mar-96,62,7-Mar-77,5,2,7,300,10,38.87
8292,280,Dessislava Topalova ,BUL,15-May-00,152,8-Jun-78,5,2,7,432,14,37.61
4501,281,Mariya Koryttseva ,UKR,18-Aug-08,50,25-May-85,5,2,7,508,14,30.65
10087,282,Andrea Petkovic ,GER,10-Oct-11,9,9-Sep-87,5,2,7,613,14,28.35
8117,283,Patricia Tarabini ,ARG,9-May-88,29,6-Aug-68,4,3,7,293,21,47.46
7291,284,Elizabeth Smylie ,AUS,14-Sep-87,20,11-Apr-63,4,3,7,400,17,52.78
4628,285,Fang Li ,CHN,8-Jun-98,36,1-Jan-73,4,3,7,401,14,43.05
4290,286,Jelena Kostanic Tosic ,CRO,26-Jul-04,32,6-Jul-81,4,3,7,592,15,34.53
4962,287,Hana Mandlikova ,AUS,16-Apr-84,3,19-Feb-62,4,3,7,660,13,53.92
17390,288,Margarita Gasparyan ,RUS,16-Nov-15,58,1-Sep-94,6,0,6,212,6,21.37
16570,289,Sachia Vickery ,USA,20-Jul-15,108,11-May-95,6,0,6,238,7,20.68
10090,290,Tatiana Golovin ,FRA,4-Feb-08,12,25-Jan-88,6,0,6,259,7,27.98
2350,291,Linda Ferrando ,ITA,11-Apr-94,36,12-Jan-66,6,0,6,311,13,50.02
7971,292,Joanna Sakowicz-Kostecka ,POL,9-Oct-06,138,1-May-84,6,0,6,324,11,31.71
4728,293,Ma. Fernanda Landa ,ARG,5-Aug-96,183,29-Jul-75,6,0,6,328,11,40.48
4985,294,Veronika Martinek ,GER,25-Mar-91,49,3-Apr-72,6,0,6,341,15,43.80
14384,295,Ajla Tomljanovic ,CRO,23-Feb-15,47,7-May-93,6,0,6,346,9,22.69
13684,296,Ying-Ying Duan ,CHN,10-Aug-15,100,3-Jul-89,6,0,6,347,10,26.54
3611,297,Ashley Harkleroad ,USA,9-Jun-03,39,2-May-85,6,0,6,354,11,30.71
5699,298,Simona Matei ,ROU,2-Oct-06,145,7-Jul-85,6,0,6,377,11,30.53
4091,299,Marketa Kochta ,GER,18-Jul-94,45,14-Jul-75,6,0,6,395,14,40.52
6356,300,Shenay Perry ,USA,28-Aug-06,40,6-Jul-84,6,0,6,405,11,31.53
2872,301,Andrea Glass ,GER,1-Feb-99,53,17-Jul-76,6,0,6,433,14,39.51
1544,302,Yoon Jeong Cho ,KOR,14-Jul-03,45,2-Apr-79,6,0,6,437,13,36.80
12579,303,Arantxa Rus ,NED,13-Aug-12,61,13-Dec-90,6,0,6,490,11,25.09
11081,304,Aravane Rezai ,FRA,11-Oct-10,15,14-Mar-87,6,0,6,493,13,28.84
12364,305,Urszula Radwanska ,POL,8-Oct-12,29,7-Dec-90,6,0,6,499,11,25.11
4687,306,Gala Leon Garcia ,ESP,25-Sep-00,27,23-Dec-73,6,0,6,501,15,42.07
2373,307,Bettina Fulco-Vilella ,ARG,10-Oct-88,23,23-Oct-68,6,0,6,541,14,47.24
2485,308,Evelyn Fauth ,AUT,20-May-02,127,27-Nov-76,6,0,6,542,14,39.14
9935,309,Melanie South ,GBR,2-Feb-09,99,3-May-86,6,0,6,562,13,29.71
11825,310,Kristina Barrois ,GER,9-May-11,57,30-Sep-81,6,0,6,596,11,34.30
16024,311,Madison Brengle ,USA,4-May-15,35,3-Apr-90,6,0,6,598,12,25.79
5927,312,Junri Namigata ,JPN,28-Feb-11,105,5-Jul-82,6,0,6,615,17,33.54
1078,313,Kateryna Bondarenko ,UKR,12-Oct-09,29,8-Aug-86,6,0,6,625,15,29.44
6438,314,Tatiana Panova ,RUS,23-Sep-02,20,13-Aug-76,6,0,6,648,15,39.43
620,315,Lubomira Bacheva ,BUL,1-Nov-99,68,7-Mar-75,6,0,6,656,16,40.87
952,316,Iveta Melzer ,CZE,6-Apr-09,25,1-Feb-83,6,0,6,713,16,32.96
332,317,Sofia Arvidsson ,SWE,1-May-06,29,16-Feb-84,6,0,6,791,17,31.92
1485,318,u'Catalina Casta\xf1o ,COL,10-Jul-06,35,7-Jul-79,6,0,6,792,21,36.53
1788,319,Maureen Drake ,CAN,13-Sep-99,47,21-Mar-71,6,0,6,849,26,44.84
4755,320,Julia Lutrova ,RUS,17-Jun-96,182,9-Jan-75,5,1,6,204,9,41.03
8745,321,Gabriela Volekova ,SVK,19-Nov-01,191,10-Mar-81,5,1,6,217,9,34.86
2710,322,Kate Gompert ,USA,6-Jul-87,18,11-Jan-63,5,1,6,223,10,53.03
4090,323,Petra Kamstra ,NED,2-Oct-95,70,18-Mar-74,5,1,6,239,9,41.84
5215,324,Barbara Mulej ,SLO,13-Jun-94,111,29-May-74,5,1,6,253,11,41.64
14364,325,Sachie Ishizu ,JPN,10-Feb-14,162,3-Sep-92,5,1,6,282,9,23.36
10690,326,Viktoriya Kutuzova ,UKR,28-Nov-05,76,19-Aug-88,5,1,6,326,9,27.41
15292,327,u'Garbi\xf1e Muguruza ,ESP,26-Oct-15,3,8-Oct-93,5,1,6,352,8,22.27
9964,328,Ryoko Fuda ,JPN,30-Jan-06,143,25-Oct-86,5,1,6,361,11,29.23
6205,329,Claudia Porwik ,GER,2-Apr-90,29,14-Nov-68,5,1,6,384,14,47.18
17,330,Sophie Amiach ,FRA,2-Apr-84,57,10-Nov-63,5,1,6,395,15,52.20
3197,331,Sabine Hack ,GER,16-Jan-95,13,12-Jul-69,5,1,6,409,15,46.53
9220,332,Tomoko Yonemura ,JPN,4-May-09,148,1-Jul-82,5,1,6,413,13,33.55
11492,333,Ashley Weinhold ,USA,10-Oct-11,181,20-Jun-89,5,1,6,420,12,26.57
6313,334,Gloria Pizzichini ,ITA,18-Nov-96,45,24-Jul-75,5,1,6,420,17,40.49
13255,335,Andreea Mitu ,ROU,8-Jun-15,68,22-Sep-91,5,1,6,430,10,24.32
9471,336,Sania Mirza ,IND,27-Aug-07,27,15-Nov-86,5,1,6,434,15,29.17
10046,337,Sophie Ferguson ,AUS,19-Jul-10,109,19-Mar-86,5,1,6,435,10,29.83
13179,338,Polona Hercog ,SLO,12-Sep-11,35,20-Jan-91,5,1,6,485,10,24.99
1463,339,Alice Canepa ,ITA,17-Apr-00,158,30-Apr-78,5,1,6,506,15,37.72
581,340,Eva Bes ,ESP,4-Mar-02,90,14-Jan-73,5,1,6,520,15,43.01
2117,341,Gisela Dulko ,ARG,21-Nov-05,26,30-Jan-85,5,1,6,555,14,30.96
9744,342,Galina Voskoboeva ,KAZ,7-May-12,42,18-Dec-84,5,1,6,640,14,31.08
12080,343,Anne Schaefer ,GER,23-Mar-09,161,1-Mar-87,5,1,6,656,11,28.88
10091,344,Monica Niculescu ,ROU,27-Feb-12,28,25-Sep-87,5,1,6,683,14,28.31
840,345,Sybille Bammer ,AUT,17-Dec-07,19,27-Apr-80,5,1,6,702,16,35.73
6855,346,Virginia Ruano Pascual ,ESP,12-Apr-99,28,21-Sep-73,5,1,6,749,22,42.33
229,347,Greta Arn ,HUN,16-May-11,40,13-Apr-79,5,1,6,761,20,36.77
7224,348,Ai Sugiyama ,JPN,9-Feb-04,8,5-Jul-75,5,1,6,915,20,40.54
15456,349,Nastja Kolar ,SLO,3-Nov-14,178,15-Jul-94,4,2,6,253,8,21.50
13540,350,Kurumi Nara ,JPN,18-Aug-14,32,30-Dec-91,4,2,6,379,9,24.04
16354,351,Richel Hogenkamp ,NED,13-Jul-15,115,16-Apr-92,4,2,6,403,7,23.75
1515,352,Ludmila Cervanova ,SVK,1-Mar-04,58,15-Oct-79,4,2,6,529,15,36.26
11462,353,Elitsa Kostova ,BUL,21-Nov-11,141,10-Apr-90,4,2,6,537,12,25.77
5498,354,Alicia Molik ,AUS,28-Feb-05,8,27-Jan-81,4,2,6,596,16,34.97
7790,355,Katarina Srebotnik ,SLO,7-Aug-06,20,12-Mar-81,4,2,6,660,21,34.85
11530,356,Agnieszka Radwanska ,POL,9-Jul-12,2,6-Mar-89,4,2,6,724,12,26.86
2718,357,Steffi Graf ,GER,17-Aug-87,1,14-Jun-69,4,2,6,1025,18,46.60
4872,358,Bianka Lamade ,GER,9-Jul-01,59,30-Aug-82,3,3,6,182,8,33.38
5258,359,Zdenka Malkova ,CZE,4-May-92,168,19-Jan-75,3,3,6,203,8,41.00
8282,360,Claire Taylor ,GBR,23-Jun-97,183,17-Feb-75,3,3,6,247,9,40.92
16049,361,Madison Keys ,USA,18-May-15,16,17-Feb-95,3,3,6,256,7,20.91
9079,362,Christina Wheeler ,AUS,26-May-03,147,15-Apr-82,3,3,6,434,11,33.76
11547,363,Mihaela Buzarnescu ,ROU,11-Jun-12,141,4-May-88,3,3,6,446,11,27.70
15218,364,Eugenie Bouchard ,CAN,20-Oct-14,5,25-Feb-94,2,4,6,297,8,21.88
6243,365,Ulrike Priller ,AUT,9-Jul-90,182,6-Jan-73,5,0,5,143,10,43.04
6172,366,Martina Pawlik ,GER,14-Aug-89,106,8-Dec-69,5,0,5,166,10,46.12
17676,367,Beatriz Haddad Maia ,BRA,15-Jun-15,148,30-May-96,5,0,5,186,6,19.62
18602,368,Sara Sorribes Tormo ,ESP,13-Jul-15,140,8-Oct-96,5,0,5,197,6,19.27
686,369,Petra Begerow ,GER,8-Apr-96,29,14-Apr-75,5,0,5,246,10,40.77
1185,370,Csilla Bartos ,SUI,4-Jul-83,60,29-Mar-66,5,0,5,246,9,49.82
5584,371,Marie-Gayanay Mikaelian ,SUI,27-Jan-03,33,3-Mar-84,5,0,5,251,10,31.87
4686,372,Nino Louarsabishvili ,GEO,24-Apr-95,135,3-Feb-77,5,0,5,268,8,38.96
15678,373,Sabina Sharipova ,UZB,27-Jul-15,196,4-Sep-94,5,0,5,271,8,21.36
15569,374,Dinah Pfizenmaier ,GER,17-Mar-14,79,13-Jan-92,5,0,5,274,8,24.01
19065,375,Anna-Lena Friedsam ,GER,20-Jul-15,73,1-Feb-94,5,0,5,290,5,21.95
16435,376,Cindy Burger ,NED,16-Nov-15,180,25-Nov-92,5,0,5,294,7,23.14
16459,377,Jovana Jaksic ,SRB,12-May-14,102,30-Sep-93,5,0,5,315,7,22.29
1187,378,Isabel Cueto ,GER,28-Aug-89,20,3-Dec-68,5,0,5,325,12,47.13
13943,379,u'Mar\xeda-Teresa Torr\xf3-Flor ,ESP,5-May-14,47,2-May-92,5,0,5,334,10,23.70
3447,380,Liezel Huber ,USA,29-Mar-99,131,21-Aug-76,5,0,5,334,23,39.41
2719,381,Debbie Graham ,USA,6-Jan-92,35,25-Aug-70,5,0,5,336,16,45.41
1750,382,Mariaan De Swardt ,RSA,8-Apr-96,28,18-Mar-71,5,0,5,341,16,44.84
4238,383,Jana Kandarr ,GER,11-Jun-01,43,21-Sep-76,5,0,5,398,13,39.33
325,384,Ivana Abramovic ,CRO,12-Jan-04,143,3-Sep-83,5,0,5,403,11,32.37
5010,385,Silke Meier ,GER,26-Oct-87,40,13-Jul-68,5,0,5,404,16,47.52
2431,386,Anna Foldenyi ,HUN,27-Sep-99,107,22-Aug-74,5,0,5,413,18,41.41
13622,387,Qiang Wang ,CHN,23-Feb-15,82,14-Jan-92,5,0,5,418,10,24.00
12722,388,Gioia Barbieri ,ITA,15-Sep-14,170,9-Jul-91,5,0,5,421,11,24.52
2451,389,Kirstin Freye ,GER,15-Nov-93,198,29-May-75,5,0,5,422,17,40.64
9010,390,Patricia Wartusch ,AUT,24-Apr-00,65,5-Aug-78,5,0,5,450,13,37.45
5270,391,Angeles Montolio ,ESP,25-Feb-02,22,6-Aug-75,5,0,5,476,14,40.45
3864,392,Mi-Ra Jeon ,KOR,3-Feb-03,129,6-Feb-78,5,0,5,482,13,37.95
1464,393,Giulia Casoni ,ITA,8-Jan-01,83,19-Apr-78,5,0,5,504,14,37.75
4174,394,Rita Kuti-Kis ,HUN,12-Jun-00,47,13-Feb-78,5,0,5,505,16,37.93
1893,395,Ruxandra Dragomir Ilie ,ROM,25-Aug-97,15,24-Oct-72,5,0,5,523,15,43.24
3374,396,Karina Habsudova ,SVK,10-Feb-97,10,2-Aug-73,5,0,5,532,15,42.47
1625,397,Jorgelina Cravero ,ARG,10-Sep-07,106,23-Jan-82,5,0,5,547,14,33.98
11720,398,Sorana Cirstea ,ROU,12-Aug-13,21,7-Apr-90,5,0,5,562,12,25.78
2703,399,Laura Golarsa ,ITA,25-Jun-90,39,27-Nov-67,5,0,5,581,17,48.15
7610,400,u'Mar\xeda S\xe1nchez Lorenzo ,ESP,5-Apr-04,33,7-Nov-77,5,0,5,593,15,38.20
3654,401,Andrea Hlavackova ,CZE,10-Sep-12,58,10-Aug-86,5,0,5,637,15,29.44
3541,402,Justine Henin ,BEL,20-Oct-03,1,1-Jun-82,5,0,5,647,15,33.63
4234,403,Sandra Kloesel ,GER,19-Mar-07,87,22-Jun-79,5,0,5,649,17,36.58
9379,404,Jie Zheng ,CHN,18-May-09,15,5-Jul-83,5,0,5,652,16,32.54
10077,405,Sara Errani ,ITA,20-May-13,5,29-Apr-87,5,0,5,763,14,28.72
6488,406,Tatiana Poutchek ,BLR,22-Jul-02,55,9-Jan-79,5,0,5,821,18,37.02
4088,407,Svetlana Krivencheva ,BUL,9-Feb-98,142,30-Dec-73,5,0,5,854,24,42.05
3234,408,Christiane Hofmann ,GER,7-Oct-91,170,12-Dec-68,4,1,5,173,11,47.11
4847,409,Olga Lazarchuk ,UKR,9-May-05,146,3-Dec-81,4,1,5,200,9,34.12
5080,410,Meredith McGrath ,USA,22-Jul-96,18,28-Apr-71,4,1,5,229,11,44.73
6721,411,Stephanie Rehe ,USA,13-Mar-89,10,5-Nov-69,4,1,5,251,10,46.21
15601,412,Denisa Allertova ,CZE,28-Sep-15,57,7-Mar-93,4,1,5,254,8,22.86
7183,413,Cristina Salvi ,ITA,16-Sep-91,161,15-May-70,4,1,5,254,11,45.68
15563,414,An-Sophie Mestach ,BEL,14-Sep-15,98,7-Mar-94,4,1,5,276,8,21.86
4538,415,Andrea Leand ,USA,14-Feb-83,19,18-Jan-64,4,1,5,295,14,52.01
6436,416,Radka Pelikanova ,CZE,28-Sep-98,180,3-Jul-77,4,1,5,303,10,38.55
4266,417,Eun-Ha Kim ,KOR,26-Oct-98,141,8-Mar-75,4,1,5,311,10,40.87
9249,418,Maja Zivec-Skulj ,GER,4-Jan-93,73,25-Sep-73,4,1,5,314,12,42.32
7713,419,Barbara Schwartz ,AUT,8-Nov-99,40,27-Jan-79,4,1,5,341,14,36.98
6318,420,Sung-Hee Park ,KOR,25-Sep-95,57,17-Feb-75,4,1,5,349,11,40.92
5507,421,Maja Matevzic ,SLO,25-Aug-03,38,13-Jun-80,4,1,5,350,11,35.60
491,422,Radka Bobkova ,CZE,20-Sep-93,47,12-Feb-73,4,1,5,360,15,42.93
9331,423,Magdalena Zdenovcova ,CZE,15-Sep-03,195,17-May-78,4,1,5,374,11,37.67
3048,424,Natalia Gussoni ,ARG,3-May-04,134,24-Aug-81,4,1,5,389,12,34.40
8962,425,Lorna Woodroffe ,GBR,26-Jan-98,133,18-Aug-76,4,1,5,393,15,39.42
4104,426,Tina Krizan ,SLO,16-Jan-95,95,18-Mar-74,4,1,5,423,19,41.84
6263,427,Elena Wagner ,GER,9-Sep-96,62,17-May-72,4,1,5,424,14,43.68
6699,428,Kristine Kunce ,AUS,15-Aug-94,45,3-Mar-70,4,1,5,433,16,45.88
6171,429,Barbara Paulus ,AUT,18-Nov-96,10,1-Sep-70,4,1,5,449,15,45.39
13716,430,Marina Melnikova ,RUS,4-May-15,170,5-Feb-89,4,1,5,462,10,26.94
12515,431,Sharon Fichman ,CAN,19-May-14,77,3-Dec-90,4,1,5,472,11,25.12
1291,432,Sandra Cacic ,USA,9-May-94,39,10-Sep-74,4,1,5,503,16,41.36
10874,433,Timea Bacsinszky ,SUI,12-Oct-15,10,8-Jun-89,4,1,5,523,13,26.61
1797,434,Jo Durie ,GBR,9-Jan-84,5,27-Jul-60,4,1,5,537,20,55.49
5582,435,u'Martina M\xfcller ,GER,2-Apr-07,33,11-Oct-82,4,1,5,548,12,33.27
1507,436,Denisa Chladkova ,CZE,16-Jun-03,31,8-Feb-79,4,1,5,552,13,36.94
5667,437,Bethanie Mattek-Sands ,USA,11-Jul-11,30,23-Mar-85,4,1,5,584,17,30.82
5542,438,u'Mar\xeda Jos\xe9 Mart\xednez S\xe1nchez ,ESP,10-May-10,19,12-Aug-82,4,1,5,601,18,33.43
8223,439,Cristina Torrens Valero ,ESP,4-Mar-02,27,12-Sep-74,4,1,5,604,16,41.35
6545,440,Michaela Pastikova ,CZE,31-Jan-05,89,27-Mar-80,4,1,5,650,16,35.81
9755,441,Mandy Minella ,LUX,17-Sep-12,66,22-Nov-85,4,1,5,657,15,30.15
2866,442,Rita Grande ,ITA,5-Nov-01,24,23-Mar-75,4,1,5,670,16,40.83
10157,443,Lucie Hradecka ,CZE,6-Jun-11,41,21-May-85,4,1,5,739,14,30.66
7362,444,Sylvie Sabas ,FRA,26-Jul-93,152,19-Feb-72,3,2,5,174,8,43.92
16003,445,Jessica Pegula ,USA,10-Jun-13,123,24-Feb-94,3,2,5,224,7,21.89
898,446,Daja Bedanova ,CZE,29-Jul-02,16,9-Mar-83,3,2,5,249,9,32.86
17826,447,Maria Sakkari ,GRE,30-Nov-15,168,25-Jul-95,3,2,5,287,6,20.47
6732,448,Candy Reynolds ,USA,23-May-83,50,24-Mar-55,3,2,5,289,15,60.84
4011,449,Billie Jean King ,USA,26-Sep-83,8,22-Nov-43,3,2,5,325,27,72.18
14,450,Louise Allen ,USA,4-Jul-83,65,7-Jan-62,3,2,5,338,12,54.04
10364,451,Madalina Gojnea ,ROU,4-Jul-11,149,23-Aug-87,3,2,5,354,11,28.40
3095,452,Laura Granville ,USA,9-Jun-03,28,12-May-81,3,2,5,430,14,34.68
464,453,Bettina Bunge ,GER,28-Mar-83,6,13-Jun-63,3,2,5,461,13,52.61
6385,454,Sarah Pitkowski-Malcor ,FRA,1-Nov-99,29,13-Nov-75,3,2,5,478,11,40.18
3406,455,Kveta Peschke ,CZE,7-Nov-05,26,9-Jul-75,3,2,5,537,24,40.53
785,456,Olga Vymetalkova ,CZE,20-Mar-06,143,24-Jan-76,3,2,5,562,17,39.99
4285,457,Anna Kournikova ,RUS,20-Nov-00,8,7-Jun-81,2,3,5,341,10,34.61
59,458,Tracy Austin ,USA,17-Jan-83,4,12-Dec-62,1,4,5,375,13,53.11
7290,459,Jill Smoller ,USA,7-Jul-86,68,4-Sep-64,4,0,4,97,11,51.38
6323,460,Keri Phebus ,USA,8-Dec-97,186,1-May-74,4,0,4,107,8,41.72
3796,461,Kathy Jordan ,USA,19-Mar-84,5,3-Dec-59,4,0,4,129,13,56.14
4635,462,Joanne Limmer ,AUS,11-Jan-93,141,29-Mar-74,4,0,4,152,9,41.81
20365,463,Jelena Ostapenko ,LAT,21-Sep-15,77,8-Jun-97,4,0,4,160,4,18.60
10025,464,Jessica Kirkland ,USA,21-Mar-05,151,10-Nov-87,4,0,4,164,8,28.18
8072,465,Delia Sescioreanu ,ROM,11-Oct-04,145,16-Mar-86,4,0,4,166,6,29.84
16822,466,Miyu Kato ,JPN,16-Nov-15,179,21-Nov-94,4,0,4,188,7,21.15
9467,467,Virag Nemeth ,HUN,22-Nov-04,130,19-Jun-85,4,0,4,189,9,30.58
1767,468,Ann Devries ,BEL,7-Nov-88,77,27-Feb-70,4,0,4,204,10,45.90
1148,469,Cathy Caverzasio ,ITA,30-Apr-90,34,28-Sep-72,4,0,4,211,9,43.31
4403,470,Lina Krasnoroutskaya ,RUS,19-Jan-04,25,29-Apr-84,4,0,4,214,8,31.72
10891,471,Vasilisa Bardina ,RUS,15-Jan-07,48,30-Nov-87,4,0,4,232,10,28.13
1272,472,Li Ling Chen ,CHN,21-Oct-96,112,13-Mar-71,4,0,4,234,14,44.86
6751,473,Francesca Romano ,ITA,20-Aug-90,77,7-Feb-71,4,0,4,237,16,44.95
3793,474,Danielle Jones ,AUS,7-Jul-86,16,4-Mar-69,4,0,4,238,14,46.88
10303,475,Katerina Bohmova ,CZE,12-Jun-06,107,18-Nov-86,4,0,4,240,9,29.16
6932,476,Hila Rosen ,ISR,7-Jun-99,138,5-Sep-77,4,0,4,265,12,38.37
11555,477,Jin-A Lee ,KOR,13-Dec-10,158,10-Mar-85,4,0,4,283,11,30.85
15888,478,Polina Vinogradova ,RUS,14-Apr-14,198,27-Nov-93,4,0,4,298,8,22.13
10563,479,Yulia Fedossova ,FRA,13-Aug-07,107,1-Jul-88,4,0,4,329,10,27.54
8403,480,Sarah Taylor ,USA,31-Mar-03,68,6-Nov-81,4,0,4,330,10,34.20
16153,481,Timea Babos ,HUN,20-Aug-12,59,10-May-93,4,0,4,352,7,22.68
448,482,Beverly Bowes-Hackney ,USA,11-May-87,49,9-Sep-65,4,0,4,363,13,50.37
11559,483,Yi-Fan Xu ,CHN,13-Jul-15,148,8-Aug-88,4,0,4,375,12,27.44
4195,484,Renata Kolbovic ,CAN,4-Dec-00,159,30-Jul-76,4,0,4,388,11,39.47
2517,485,Jessica Fernandez ,MEX,12-Oct-98,195,19-Jul-79,4,0,4,405,12,36.50
11646,486,Stephanie Vogt ,LIE,24-Feb-14,137,15-Feb-90,4,0,4,439,12,25.92
6066,487,Saori Obata ,JPN,9-Feb-04,39,23-Apr-78,4,0,4,504,15,37.74
12130,488,Julia Glushko ,ISR,23-Jun-14,79,1-Jan-90,4,0,4,512,12,26.04
6764,489,Virginia Ruzici ,ROM,31-Jan-83,9,31-Jan-55,4,0,4,513,14,60.98
403,490,Camille Benjamin-Schermerhorn ,USA,15-Oct-84,27,22-Jun-66,4,0,4,563,16,49.58
21,491,Sabine Appelmans ,BEL,24-Nov-97,16,22-Apr-72,4,0,4,583,15,43.75
5847,492,Lenka Nemeckova ,CZE,12-Jan-98,72,20-Apr-76,4,0,4,608,15,39.75
12371,493,u'Mar\xeda Irigoyen ,ARG,13-Jul-15,147,24-Jun-87,4,0,4,698,11,28.56
3514,494,Shiho Hisamatsu ,JPN,6-Nov-06,143,4-Jul-79,4,0,4,698,21,36.54
8991,495,Mashona Washington ,USA,8-Nov-04,50,31-May-76,4,0,4,729,19,39.64
7324,496,Helena Sukova ,CZE,18-Mar-85,4,23-Feb-65,4,0,4,928,18,50.91
2613,497,u'St\xe9phanie Foretz  ,FRA,24-Feb-03,62,3-May-81,4,0,4,1008,19,34.71
5063,498,u'Conchita Mart\xednez ,ESP,30-Oct-95,2,16-Apr-72,4,0,4,1040,20,43.76
12470,499,Kristina Antoniychuk ,UKR,8-Mar-10,163,4-Sep-90,3,1,4,149,6,25.36
7303,500,Luanne Spadea ,USA,6-Aug-90,171,28-Dec-72,3,1,4,180,10,43.06
8324,501,Rachel Viollet ,GBR,15-Jul-96,173,11-Feb-72,3,1,4,192,11,43.94
8130,502,Janine Thompson ,AUS,12-May-86,53,12-Sep-67,3,1,4,194,9,48.36
8113,503,Tamaka Takagi ,JPN,4-Mar-91,113,30-Dec-65,3,1,4,194,10,50.06
12512,504,Yi-Miao Zhou ,CHN,19-Aug-13,127,7-Feb-91,3,1,4,224,8,24.94
9894,505,Ani Mijacika ,CRO,17-Oct-11,193,15-Jun-87,3,1,4,242,11,28.59
3999,506,Caroline Kuhlman ,USA,4-Aug-86,52,25-Aug-66,3,1,4,242,10,49.41
11956,507,Jamie Hampton ,USA,29-Jul-13,24,8-Jan-90,3,1,4,299,11,26.02
2041,508,Nina Duebbers ,GER,10-Jun-02,166,24-Jun-80,3,1,4,301,10,35.57
25,509,Nicole Arendt ,USA,16-Jun-97,49,26-Aug-69,3,1,4,304,16,46.40
5222,510,Elena Makarova ,RUS,10-Jun-96,43,1-Feb-73,3,1,4,307,12,42.96
1321,511,Ines Gorrochategui ,ARG,17-Oct-94,19,13-Jun-73,3,1,4,329,11,42.60
3215,512,Ginger Nielsen ,USA,2-Jan-95,29,14-Sep-68,3,1,4,329,13,47.35
15395,513,Aleksandra Krunic ,SRB,20-Jul-15,62,15-Mar-93,3,1,4,333,8,22.84
6733,514,Julie Richardson ,NZL,2-Jan-89,102,30-Mar-67,3,1,4,344,13,48.81
7317,515,Maria Strandlund-Tomsvik ,SWE,20-Nov-89,80,17-Aug-69,3,1,4,346,12,46.43
2777,516,Angelica Gavaldon ,MEX,1-Jan-96,34,3-Oct-73,3,1,4,347,13,42.30
6206,517,Jana Pospisilova ,CZE,13-Feb-89,49,23-Mar-70,3,1,4,348,13,45.83
4530,518,Petra Langrova ,CZE,26-May-97,53,27-Jun-70,3,1,4,381,13,45.57
109,519,Laurence Andretto ,FRA,1-Mar-99,132,14-May-73,3,1,4,384,13,42.68
10795,520,Erika Takao ,JPN,6-Nov-06,128,12-Oct-87,3,1,4,396,11,28.26
4442,521,Lubomira Kurhajcova ,SVK,24-May-04,59,11-Oct-83,3,1,4,428,10,32.27
3210,522,Linda Wild ,USA,9-Sep-96,23,11-Feb-71,3,1,4,442,13,44.94
4076,523,Joannette Kruger ,RSA,4-May-98,21,3-Sep-73,3,1,4,485,15,42.38
9670,524,Anna-Lena Groenefeld ,GER,17-Apr-06,14,4-Jun-85,3,1,4,493,15,30.62
8660,525,Andreea Ehritt-Vanc ,ROU,17-Feb-03,135,6-Oct-73,3,1,4,542,18,42.29
10895,526,Ekaterina Makarova ,RUS,6-Apr-15,8,7-Jun-88,3,1,4,606,13,27.61
1128,527,Els Callens ,BEL,17-Feb-97,43,20-Aug-70,3,1,4,668,20,45.42
6636,528,Arantxa  Parra Santonja ,ESP,12-Jul-10,46,9-Nov-82,3,1,4,719,17,33.19
7941,529,Samantha Stosur ,AUS,21-Feb-11,4,30-Mar-84,3,1,4,861,18,31.80
3237,530,Terry Holladay ,USA,1-Oct-84,39,28-Nov-55,2,2,4,171,14,60.16
4528,531,Valda Lake ,GBR,11-Apr-88,172,11-Oct-68,2,2,4,195,14,47.28
4910,532,Nannan Liu ,CHN,25-Apr-05,141,19-Jun-83,2,2,4,206,7,32.58
2693,533,Barbara Gerken ,USA,8-Jun-87,55,3-Jul-64,2,2,4,229,9,51.55
4543,534,Susan Leo ,AUS,22-Jun-87,134,10-Apr-62,2,2,4,236,13,53.79
47,535,Neus Avila ,ESP,17-Apr-95,105,26-Jul-71,2,2,4,240,10,44.49
15057,536,Daria Gavrilova ,AUS,5-Oct-15,35,5-Mar-94,2,2,4,268,8,21.86
146,537,Geraldine Aizenberg ,ARG,10-Nov-97,180,31-Jan-78,2,2,4,275,10,37.96
16685,538,Carina Witthoeft ,GER,17-Aug-15,49,16-Feb-95,2,2,4,301,7,20.91
8641,539,Helena Vildova ,CZE,15-Jan-96,188,19-Mar-72,2,2,4,303,13,43.84
5008,540,Natalia Medvedeva ,UKR,15-Nov-93,23,15-Nov-71,2,2,4,316,12,44.18
2941,541,Adriana Rikl Gersi ,CZE,23-Jun-97,48,26-Jun-76,2,2,4,357,11,39.56
1386,542,Laurence Courtois ,BEL,18-Nov-96,37,18-Jan-76,2,2,4,401,12,40.00
8858,543,Marianne Werdel-Witmeyer ,USA,9-Oct-95,21,17-Oct-67,2,2,4,466,15,48.26
5740,544,Betsy Nagelsen ,USA,17-Feb-86,25,23-Oct-56,2,2,4,472,23,59.25
384,545,Dianne Fromholtz (balestrat) ,AUS,28-Sep-87,19,10-Aug-56,2,2,4,478,20,59.45
5087,546,Nana Smith Rogers ,JPN,27-Feb-95,51,10-Apr-71,2,2,4,540,19,44.78
5484,547,Anastasia Myskina ,RUS,13-Sep-04,2,8-Jul-81,2,2,4,550,13,34.53
1325,548,Jennifer Capriati ,USA,15-Oct-01,1,29-Mar-76,2,2,4,610,15,39.81
8153,549,Wendy Turnbull ,AUS,7-Jan-85,3,26-Nov-52,2,2,4,626,20,63.16
3317,550,Julie Harrington ,USA,5-Dec-83,70,5-Feb-62,1,3,4,131,6,53.96
19551,551,Oceane Dodin ,FRA,21-Sep-15,116,24-Oct-96,1,3,4,169,5,19.22
8168,552,Jane Taylor ,AUS,7-Feb-94,126,7-Nov-72,1,3,4,306,10,43.20
3780,553,Andrea Jaeger ,USA,17-Jan-83,3,4-Jun-65,1,3,4,334,9,50.63
7330,554,Rennae Stubbs ,AUS,14-Oct-96,64,26-Mar-71,1,3,4,367,26,44.82
11068,555,Alisa Kleybanova ,RUS,21-Feb-11,20,15-Jul-89,1,3,4,423,13,26.50
2758,556,Kerry-Anne Guse ,AUS,3-Nov-97,60,4-Dec-72,1,3,4,443,14,43.13
1167,557,Sandy Collins ,USA,28-Feb-83,38,13-Oct-58,1,3,4,465,17,57.28
4745,558,Janet Lee ,TPE,6-Apr-98,79,22-Oct-76,1,3,4,555,15,39.24
728,559,Cara Black ,ZIM,15-Mar-99,31,17-Feb-79,1,3,4,557,24,36.92
1118,560,Elena Bovina ,RUS,4-Apr-05,14,10-Mar-83,1,3,4,625,16,32.86
5004,561,Rachel McQuillan ,AUS,17-Jun-91,28,2-Dec-71,1,3,4,705,19,44.13
2723,562,Lise Gregory ,RSA,7-Dec-87,167,29-Aug-63,0,4,4,168,9,52.40
7289,563,Paula Smith ,USA,14-Feb-83,87,10-Jan-57,0,4,4,221,12,59.04
2188,564,Chris Evert ,USA,10-Jun-85,1,21-Dec-54,0,4,4,1357,20,61.09
20648,565,Paula Badosa Gibert ,ESP,28-Sep-15,193,15-Nov-97,3,0,3,97,4,18.16
1740,566,Ma. Christine Damas ,FRA,5-Jun-89,130,9-Dec-66,3,0,3,97,6,49.12
11444,567,Sanja Ancic ,CRO,11-Sep-06,159,18-Jul-88,3,0,3,130,4,27.50
4858,568,Jessica Lehnhoff ,USA,14-Jun-04,166,15-Mar-80,3,0,3,134,8,35.84
435,569,Lisa Bonder-Kreiss ,USA,20-Aug-84,9,16-Oct-65,3,0,3,140,11,50.27
21894,570,Jana Fett ,CRO,21-Dec-15,149,2-Nov-96,3,0,3,156,3,19.20
1397,571,Ju-Yeon Choi ,KOR,22-May-95,176,19-Nov-75,3,0,3,166,10,40.17
3859,572,Tatjana Jecmenica ,SCG,24-Jun-96,72,4-Jul-78,3,0,3,168,9,37.54
9682,573,Evgenia Linetskaya ,ISR,4-Jul-05,35,30-Nov-86,3,0,3,173,9,29.13
19307,574,Indy De Vroome ,NED,14-Jul-14,177,21-May-96,3,0,3,182,5,19.65
17049,575,Rebecca Peterson ,SWE,2-Nov-15,129,6-Aug-95,3,0,3,194,7,20.44
3995,576,Iwona Kuczynska ,POL,12-Oct-87,64,22-Feb-61,3,0,3,199,10,54.92
20122,577,Montserrat Gonzalez ,PAR,8-Sep-14,199,1-Jul-94,3,0,3,202,7,21.54
3974,578,Jenny Klitch ,USA,7-Dec-87,147,19-Apr-65,3,0,3,211,8,50.76
4534,579,Leona Laskova ,CZE,31-Jul-89,122,7-Apr-70,3,0,3,219,10,45.79
5321,580,Laura Montalvo ,ARG,19-Jun-95,191,29-Mar-76,3,0,3,220,13,39.81
2888,581,Aurora Gima ,USA,5-Oct-92,164,7-Nov-74,3,0,3,220,9,41.20
2725,582,Marzia Grossi ,ITA,13-Sep-93,79,2-Sep-70,3,0,3,236,10,45.38
17980,583,Anett Kontaveit ,EST,19-Oct-15,88,24-Dec-95,3,0,3,238,6,20.06
304,584,Teryn Ashley ,USA,5-Jul-04,95,12-Dec-78,3,0,3,249,8,37.10
9402,585,Jenifer Widjaja ,BRA,8-Oct-07,186,7-Dec-86,3,0,3,253,7,29.11
16385,586,Lin Zhu ,CHN,4-May-15,107,28-Jan-94,3,0,3,261,7,21.96
6672,587,Karine Quentrec Eagle ,FRA,4-Nov-91,45,21-Oct-69,3,0,3,262,12,46.25
3966,588,Maya Kidowaki ,JPN,4-Nov-91,68,17-May-69,3,0,3,268,12,46.68
8121,589,Luciana Tella ,BRA,6-Mar-95,154,31-Dec-69,3,0,3,271,13,46.05
16573,590,Shelby Rogers ,USA,15-Sep-14,70,13-Oct-92,3,0,3,274,7,23.25
3043,591,Ainhoa Goni ,ESP,5-Nov-01,140,7-Aug-79,3,0,3,294,8,36.45
15339,592,Saisai Zheng ,CHN,11-May-15,61,5-Feb-94,3,0,3,306,8,21.94
7619,593,Miriam Schnitzer ,GER,14-Jun-99,109,16-Jan-77,3,0,3,315,11,39.01
11867,594,Oksana Kalashnikova ,GEO,7-Jun-10,156,5-Sep-90,3,0,3,325,11,25.36
734,595,Yvette Basting ,NED,5-Mar-01,92,8-Jun-77,3,0,3,336,11,38.61
14440,596,Cristina Dinu ,ROU,30-Sep-13,179,18-Jan-93,3,0,3,338,8,22.99
16047,597,Heather Watson ,GBR,19-Jan-15,38,19-May-92,3,0,3,348,7,23.66
13390,598,Nastassja Burnett ,ITA,3-Mar-14,121,20-Feb-92,3,0,3,356,10,23.90
13135,599,Kai-Chen Chang ,TPE,5-Jul-10,82,13-Jan-91,3,0,3,364,10,25.01
13896,600,Sally Peers ,AUS,11-Apr-11,145,1-Jun-91,3,0,3,369,10,24.62
14760,601,Kristina Mladenovic ,FRA,28-Sep-15,27,14-May-93,3,0,3,371,9,22.67
7807,602,Lioudmila Skavronskaia ,RUS,19-Jul-04,124,23-Mar-80,3,0,3,375,13,35.82
5259,603,Eva Martincova ,CZE,9-Jun-97,94,4-Mar-75,3,0,3,378,15,40.88
471,604,Natalia Egorova ,RUS,27-Feb-89,76,13-Sep-66,3,0,3,402,17,49.36
14078,605,Christina McHale ,USA,20-Aug-12,24,11-May-92,3,0,3,408,9,23.68
2093,606,Tiffany Davis ,USA,12-Sep-05,170,14-Mar-80,3,0,3,417,11,35.85
2686,607,Laura Garrone ,ITA,19-Jan-87,32,15-Nov-67,3,0,3,423,15,48.18
13434,608,Misaki Doi ,JPN,23-Nov-15,54,29-Apr-91,3,0,3,427,10,24.72
8770,609,Suchanun Viratprasert ,THA,9-Aug-04,172,1-Jan-83,3,0,3,444,15,33.04
13733,610,Irina Falconi ,USA,14-Sep-15,64,4-May-90,3,0,3,449,10,25.70
184,611,Rosa Maria Andres Rodriguez ,ESP,4-Oct-99,152,29-May-77,3,0,3,455,13,38.64
1753,612,Alexia Dechaume-Balleret ,FRA,17-Aug-92,46,3-May-70,3,0,3,463,16,45.72
13020,613,Olivia Rogowska ,AUS,11-Aug-14,102,7-Jun-91,3,0,3,480,11,24.61
3065,614,Zsofia Gubacsi ,HUN,29-Apr-02,76,6-Apr-81,3,0,3,483,12,34.78
3225,615,Nathalie Herreman ,FRA,21-Dec-86,42,28-Mar-66,3,0,3,484,15,49.82
11121,616,Erika Sema ,JPN,10-Oct-11,114,24-Nov-88,3,0,3,530,13,27.14
11406,617,Corinna Dentoni ,ITA,22-Jun-09,132,30-Jul-89,3,0,3,561,12,26.46
9944,618,Vera Dushevina ,RUS,4-Jul-05,31,6-Oct-86,3,0,3,575,15,29.28
11402,619,u'Aliz\xe9 Cornet ,FRA,16-Feb-09,11,22-Jan-90,3,0,3,591,12,25.98
8950,620,Jolene Watanabe-Giltz ,USA,3-Feb-97,72,31-Aug-68,3,0,3,591,13,47.39
9644,621,u'St\xe9phanie Dubois ,CAN,30-Jan-12,87,31-Oct-86,3,0,3,611,14,29.21
1878,622,u'Rossana De Los R\xedos ,PAR,12-Nov-01,51,16-Sep-75,3,0,3,762,18,40.34
1587,623,Maria Elena Camerin ,ITA,11-Oct-04,41,21-Mar-82,3,0,3,854,19,33.83
256,624,Maria Fernanda Alves ,BRA,12-Sep-05,132,17-Apr-83,3,0,3,914,18,32.75
909,625,Bea Bielik ,USA,25-Aug-03,130,28-Nov-80,2,1,3,65,7,35.14
17324,626,Victoria Duval ,USA,4-Aug-14,87,30-Nov-95,2,1,3,124,6,20.12
4599,627,Sabine Lohmann ,GER,20-Apr-92,184,13-Mar-73,2,1,3,134,6,42.85
210,628,Ana Alcazar ,ESP,8-Jun-98,119,8-Jun-79,2,1,3,138,5,36.61
7305,629,Debbie Spence ,USA,6-Jan-86,35,9-Aug-67,2,1,3,152,7,48.45
4540,630,Cornelia Lechner ,GER,21-Dec-86,190,13-Nov-66,2,1,3,161,7,49.19
18911,631,Belinda Bencic ,SUI,17-Aug-15,12,10-Mar-97,2,1,3,207,5,18.85
3663,632,Jeri Ingram ,USA,1-Aug-88,173,11-Dec-70,2,1,3,221,11,45.11
13,633,Leslie Allen ,USA,14-Feb-83,21,12-Mar-57,2,1,3,227,10,58.87
7240,634,Julie Steven ,USA,1-Aug-94,173,24-Apr-76,2,1,3,229,11,39.74
4098,635,Katerina Siskova ,CZE,4-Jan-93,58,20-Feb-74,2,1,3,231,15,41.91
4153,636,Naoko Kijimuta ,JPN,3-Mar-97,44,26-Mar-72,2,1,3,236,8,43.82
8123,637,Hellas Ter Riet ,NED,4-Jul-88,110,21-Jun-68,2,1,3,238,8,47.58
4844,638,Ting (sr) Li ,CHN,28-Feb-05,136,5-Jan-80,2,1,3,244,12,36.04
2342,639,Jo-Anne Faull ,AUS,28-Aug-89,61,13-Jan-71,2,1,3,267,11,45.02
9449,640,Chia-Jung Chuang ,TPE,13-Nov-06,177,10-Jan-85,2,1,3,287,15,31.02
16953,641,Yulia Putintseva ,KAZ,20-Jul-15,70,7-Jan-95,2,1,3,290,7,21.02
10366,642,Giulia Gabba ,ITA,16-Jul-07,183,20-Feb-87,2,1,3,324,11,28.90
2999,643,Maria Goloviznina ,RUS,31-Mar-03,135,5-Jun-79,2,1,3,348,12,36.62
8131,644,Heike Thoms ,GER,1-Aug-88,128,1-Nov-68,2,1,3,351,15,47.22
9162,645,Jing-Qian Yi ,CHN,22-Jul-96,69,28-Feb-74,2,1,3,378,11,41.89
14089,646,Michelle Larcher De Brito ,POR,6-Jul-09,76,29-Jan-93,2,1,3,380,9,22.96
13529,647,Tereza Mrdeza ,CRO,12-Oct-15,150,14-Nov-90,2,1,3,392,10,25.17
6504,648,Wynne Prakusya ,INA,5-Aug-02,74,26-Apr-81,2,1,3,394,14,34.73
9014,649,Cindy Watson ,AUS,28-Oct-02,131,24-Mar-78,2,1,3,448,15,37.82
3230,650,Rika Hiraki ,JPN,27-Jan-97,72,6-Dec-71,2,1,3,461,17,44.12
9596,651,Emma Laine ,FIN,7-Aug-06,50,26-Mar-86,2,1,3,470,15,29.81
1999,652,Evie Dominikovic ,AUS,10-Sep-01,64,29-May-80,2,1,3,503,13,35.64
4458,653,Iryna Bremond ,FRA,20-Feb-12,93,5-Oct-84,2,1,3,510,15,31.28
9813,654,Aleksandra Wozniak ,CAN,22-Jun-09,21,7-Sep-87,2,1,3,526,15,28.36
2048,655,Julie Ditty ,USA,24-Mar-08,89,4-Jan-79,2,1,3,526,15,37.04
5262,656,Iva Majoli ,CRO,5-Feb-96,4,12-Aug-77,2,1,3,543,16,38.44
10044,657,Casey Dellacqua ,AUS,29-Sep-14,26,11-Feb-85,2,1,3,563,14,30.93
711,658,Adriana Barna ,GER,3-May-04,180,21-May-78,2,1,3,572,16,37.66
1151,659,Sandra Cecchini ,ITA,14-Mar-88,15,27-Feb-65,2,1,3,574,18,50.90
6013,660,Tzipora Obziler ,ISR,9-Jul-07,75,19-Apr-73,2,1,3,633,22,42.75
1861,661,Erika De Lone ,USA,10-Apr-00,65,14-Oct-72,2,1,3,643,17,43.27
4961,662,Manuela Maleeva-Fragniere ,SUI,4-Feb-85,3,14-Feb-67,2,1,3,663,14,48.93
3342,663,Anke Huber ,GER,14-Oct-96,4,4-Dec-74,2,1,3,677,14,41.13
10493,664,Shahar Peer ,ISR,31-Jan-11,11,1-May-87,2,1,3,685,15,28.71
6236,665,Nicole Pratt ,AUS,17-Jun-02,35,5-Mar-73,2,1,3,900,22,42.88
7184,666,Arantxa Sanchez-Vicario ,ESP,6-Feb-95,1,18-Dec-71,2,1,3,1061,20,44.09
2109,667,Lenka Dlhopolcova ,SVK,4-Feb-02,156,14-Jul-84,1,2,3,107,6,31.51
6180,668,Mariana Perez-Roldan ,ARG,18-Jul-88,51,7-Nov-67,1,2,3,136,7,48.21
3791,669,Jonna Jonerup ,SWE,2-Jan-89,147,22-Jul-69,1,2,3,152,7,46.50
5075,670,Magdalena Feistel ,POL,28-Feb-94,192,22-Aug-70,1,2,3,245,12,45.41
7355,671,Kirrily Sharpe ,AUS,11-Jun-90,147,25-Feb-73,1,2,3,259,10,42.90
1156,672,Halle Carroll ,USA,15-Aug-88,31,5-Aug-69,1,2,3,280,10,46.46
1733,673,Cecilia Dahlman ,SWE,23-Jul-90,63,24-Jul-68,1,2,3,283,9,47.49
2701,674,Kristin Godridge ,AUS,23-Sep-91,79,7-Feb-73,1,2,3,289,10,42.95
6762,675,Joanne Russell-Longdon ,USA,28-Feb-83,22,30-Oct-54,1,2,3,304,16,61.24
1174,676,Belinda Cordwell ,NZL,4-Dec-89,17,21-Sep-65,1,2,3,309,10,50.33
15110,677,Chiara Scholl ,USA,17-Oct-11,164,5-Jul-92,1,2,3,346,8,23.53
11914,678,Agnes Szatmari ,ROU,24-Mar-08,187,28-Jun-87,1,2,3,367,12,28.55
14872,679,Chanel Simmonds ,RSA,27-May-13,158,10-Aug-92,1,2,3,384,9,23.43
472,680,Jenny Byrne ,AUS,22-May-89,45,25-Feb-67,1,2,3,395,17,48.90
6214,681,Nicole Bradtke ,AUS,24-May-93,24,22-Sep-69,1,2,3,436,13,46.33
5437,682,Bahia Mouhtassine ,MAR,24-Jun-02,139,23-Aug-79,1,2,3,492,14,36.41
7507,683,Martina Sucha ,SVK,22-Apr-02,37,20-Nov-80,1,2,3,585,13,35.16
3979,684,Claudia Kohde-Kilsch ,GER,2-Sep-85,4,11-Dec-63,1,2,3,607,18,52.12
8338,685,Maria Vento-Kabchi ,VEN,19-Jul-04,26,24-May-74,1,2,3,689,20,41.66
6840,686,Lisa Raymond ,USA,20-Oct-97,15,10-Aug-73,1,2,3,691,27,42.44
5447,687,Katalin Marosi ,HUN,8-May-00,101,12-Nov-79,1,2,3,694,20,36.18
5765,688,Jana Novotna ,CZE,7-Jul-97,2,2-Oct-68,1,2,3,801,18,47.30
1162,689,Amanda Coetzer ,RSA,3-Nov-97,3,22-Oct-71,1,2,3,909,19,44.25
5744,690,Martina Navratilova ,USA,10-Jul-78,1,18-Oct-56,1,2,3,1656,30,59.27
8158,691,Leigh Thompson ,USA,15-Aug-83,27,8-Jan-64,0,3,3,160,8,52.04
3664,692,Etsuko Kaneshiro ,JPN,14-Mar-88,26,18-Oct-64,0,3,3,307,10,51.26
6403,693,Antoaneta Pandjerova ,BUL,25-Sep-00,174,22-Jun-77,0,3,3,376,13,38.58
3954,694,Karolina Karlsson ,SWE,21-Dec-86,136,27-May-66,2,0,2,83,4,49.65
7372,695,Stacey Schefflin ,USA,28-Jan-91,165,19-Mar-68,2,0,2,92,5,47.84
6876,696,Pavlina Rajzlova ,CZE,4-Jul-94,175,23-May-72,2,0,2,129,8,43.66
21067,697,Francoise Abanda ,CAN,6-Oct-14,175,5-Feb-97,2,0,2,130,4,18.94
2696,698,Sabrina Giusto ,BRA,10-Dec-90,171,31-Aug-71,2,0,2,135,8,44.39
3827,699,Eva Jimenez Sanz ,ESP,7-Feb-94,180,19-May-75,2,0,2,144,8,40.67
6501,700,Alice Pirsu ,ROM,20-Jul-98,200,16-May-79,2,0,2,148,5,36.68
3248,701,Nathalie Gilbert ,FRA,30-Sep-91,158,29-Jul-68,2,0,2,154,9,47.48
19760,702,Fangzhou Liu ,CHN,13-Jul-15,142,12-Dec-95,2,0,2,166,5,20.09
3243,703,Esmir Hoogendoorn ,NED,24-Aug-92,155,31-Mar-69,2,0,2,167,8,46.81
19754,704,Elizaveta Kulichkova ,RUS,28-Sep-15,94,12-Apr-96,2,0,2,170,5,19.76
1213,705,Claudia Chabalgoity ,BRA,6-Aug-90,121,13-Mar-71,2,0,2,170,8,44.86
3968,706,Grace Kim ,USA,31-Aug-87,78,14-Apr-68,2,0,2,181,6,47.77
2772,707,Sabine Gerke ,GER,11-Feb-91,187,15-Nov-71,2,0,2,186,10,44.18
6784,708,Silvia Ramon-Cortes ,ESP,19-Jun-95,125,9-Aug-72,2,0,2,201,9,43.45
16710,709,Zhaoxuan Yang ,CHN,14-Sep-15,151,11-Feb-95,2,0,2,205,7,20.92
2345,710,Anna Maria Fernandez ,USA,2-Mar-87,105,22-Oct-60,2,0,2,224,12,55.25
15896,711,Ons Jabeur ,TUN,23-Mar-15,118,28-Aug-94,2,0,2,230,8,21.38
7258,712,Amy Schwartz ,USA,18-Jul-88,153,2-Sep-69,2,0,2,233,12,46.38
7403,713,Andrea Strnadova ,CZE,16-Sep-91,33,28-May-72,2,0,2,234,8,43.65
5756,714,Sybile Niox-Chateau ,FRA,11-May-92,94,19-Oct-69,2,0,2,237,11,46.25
357,715,Olena Antypina ,UKR,28-Nov-05,180,19-Mar-79,2,0,2,240,7,36.84
502,716,Nathalie Baudone-Furlan ,ITA,5-Jul-93,71,12-Jul-72,2,0,2,243,10,43.52
5910,717,Sandra Nacuk ,SCG,16-Aug-99,81,17-Aug-80,2,0,2,245,9,35.42
3199,718,Elly Hakami ,USA,9-May-88,32,25-Aug-69,2,0,2,245,12,46.41
4531,719,Laura Lapi ,ITA,9-Apr-90,66,10-Sep-70,2,0,2,250,10,45.36
16249,720,Eri Hozumi ,JPN,10-Nov-14,144,17-Feb-94,2,0,2,251,7,21.91
7216,721,Elena Savoldi ,ITA,1-Aug-94,134,11-Nov-72,2,0,2,251,8,43.19
16387,722,Ysaline Bonaventure ,BEL,28-Sep-15,146,29-Aug-94,2,0,2,254,7,21.38
11322,723,Tereza Hladikova ,CZE,27-Apr-09,197,14-Apr-88,2,0,2,257,11,27.76
5045,724,Alycia Moulton ,USA,26-Nov-84,18,18-Feb-61,2,0,2,258,11,54.93
12711,725,Rebecca Marino ,CAN,11-Jul-11,38,16-Dec-90,2,0,2,259,9,25.08
1424,726,Lenka Cenkova ,CZE,13-Jan-97,95,24-Jan-77,2,0,2,261,10,38.98
6049,727,Aleksandra Olsza ,POL,30-Sep-96,72,8-Dec-77,2,0,2,263,9,38.11
839,728,Segolene Berger ,FRA,20-Jul-98,180,25-Mar-78,2,0,2,264,12,37.82
16259,729,Patricia Maria Tig ,ROU,5-Oct-15,110,27-Jul-94,2,0,2,266,7,21.47
10227,730,Anna Gerasimou ,GRE,9-Mar-09,200,15-Oct-87,2,0,2,270,8,28.25
14640,731,Sarah Gronert ,GER,14-May-12,164,6-Jul-86,2,0,2,279,7,29.53
4465,732,Raquel Atawo ,USA,8-Oct-07,162,8-Dec-82,2,0,2,280,16,33.11
6772,733,Eleni Rossides ,USA,31-Dec-85,185,23-Oct-67,2,0,2,280,17,48.25
7379,734,Rene Simpson ,CAN,10-Apr-89,70,14-Jan-66,2,0,2,295,11,50.02
16952,735,Danka Kovinic ,MNE,16-Nov-15,56,18-Nov-94,2,0,2,297,7,21.16
6738,736,Petra Schwarz ,AUT,9-Jan-95,52,24-May-72,2,0,2,303,12,43.66
7210,737,Melanie Schnell ,AUT,10-Jun-96,90,22-Feb-77,2,0,2,307,9,38.90
1176,738,Luciana Corsato-Owsianka ,BRA,15-Jul-91,134,21-Jan-66,2,0,2,309,13,50.00
3014,739,Amanda Grahame ,AUS,18-Nov-02,159,25-Mar-79,2,0,2,318,10,36.82
12982,740,Jing-Jing Lu ,CHN,20-Jun-11,178,5-May-89,2,0,2,322,10,26.70
3785,741,Monique Javer ,GBR,21-Sep-92,56,22-Jul-67,2,0,2,329,16,48.50
3245,742,Kathleen Horvath ,USA,11-Jun-84,10,25-Aug-65,2,0,2,332,11,50.41
8709,743,Nirupama Sanjeev ,IND,7-Jul-97,134,8-Dec-76,2,0,2,335,13,39.11
7352,744,Samantha Smith ,GBR,22-Feb-99,55,27-Nov-71,2,0,2,359,13,44.15
14578,745,Valeria Savinykh ,RUS,9-Apr-12,99,20-Feb-91,2,0,2,372,9,24.90
8011,746,Neuza Silva ,POR,6-Jul-09,133,4-May-83,2,0,2,372,12,32.71
6420,747,Sylvia Plischke ,AUT,21-Jun-99,27,20-Jul-77,2,0,2,372,11,38.50
7974,748,Tiantian Sun ,CHN,19-Mar-07,77,12-Oct-81,2,0,2,374,11,34.27
14283,749,Magda Linette ,POL,21-Sep-15,64,12-Feb-92,2,0,2,379,9,23.92
2885,750,Maria Jose Gaidano ,ARG,4-Oct-93,85,25-May-73,2,0,2,385,11,42.65
10092,751,Nika Ozegovic ,CRO,9-Jul-07,131,21-May-85,2,0,2,388,10,30.66
8684,752,Patty Van Acker ,BEL,10-May-99,146,21-Oct-76,2,0,2,398,14,39.24
13174,753,Melanie Oudin ,USA,19-Apr-10,31,23-Sep-91,2,0,2,410,10,24.31
3732,754,Marissa Gould ,USA,12-Aug-02,51,23-Jun-80,2,0,2,414,10,35.57
7674,755,Pavlina Nola ,NZL,14-May-01,68,14-Jul-74,2,0,2,420,10,41.52
8037,756,Karolina Sprem ,CRO,11-Oct-04,17,25-Oct-84,2,0,2,439,13,31.23
15657,757,Reka-Luca Jani ,HUN,7-May-12,147,31-Jul-91,2,0,2,445,8,24.46
3481,758,Stanislava Hrozenska ,SVK,27-Jan-03,146,17-Jun-82,2,0,2,445,14,33.59
6935,759,Mariam Ramon Climent ,ESP,20-Sep-99,124,26-Aug-76,2,0,2,464,12,39.40
1760,760,Isabelle Demongeot ,FRA,23-May-88,35,18-Sep-66,2,0,2,472,16,49.34
13185,761,Kristyna Pliskova ,CZE,28-Jan-13,86,21-Mar-92,2,0,2,474,10,23.82
6212,762,Wiltrud Probst ,GER,4-Feb-91,31,29-May-69,2,0,2,480,15,46.65
10748,763,Anna Korzeniak ,POL,3-Mar-08,182,16-Jun-88,2,0,2,484,13,27.58
4374,764,Sabine Klaschka ,GER,12-Sep-05,133,8-Aug-80,2,0,2,489,13,35.44
6477,765,Libuse Prusova ,CZE,21-Oct-02,103,13-Jul-79,2,0,2,529,15,36.52
9185,766,Yuka Yoshida ,JPN,8-Sep-97,52,1-Apr-76,2,0,2,536,15,39.80
11819,767,u'Mariana Duque-Mari\xf1o ,COL,12-Oct-15,66,12-Aug-89,2,0,2,572,12,26.43
5811,768,Jana Nejedly ,CAN,2-Oct-00,64,9-Jun-74,2,0,2,584,14,41.61
6337,769,Julie Pullin ,GBR,10-Apr-00,125,5-Nov-75,2,0,2,586,14,40.21
984,770,Alona Bondarenko ,UKR,14-Apr-08,19,13-Aug-84,2,0,2,612,13,31.43
6366,771,Laura Pous-Tio ,ESP,30-Jan-12,72,1-Oct-84,2,0,2,662,15,31.29
3491,772,Martina Hingis ,SUI,31-Mar-97,1,30-Sep-80,2,0,2,685,16,35.30
9762,773,Tatjana Maria ,GER,13-Jul-15,62,8-Aug-87,2,0,2,697,15,28.44
7179,774,Gabriela Sabatini ,ARG,27-Feb-89,3,16-May-70,2,0,2,821,13,45.68
2801,775,Akiko Gooden ,USA,20-Aug-90,155,14-Feb-72,1,1,2,98,4,43.93
4524,776,Kim Barry ,USA,1-Feb-88,187,11-Sep-67,1,1,2,127,5,48.36
6880,777,Heike Rusch ,GER,26-Jul-93,133,2-Jul-76,1,1,2,141,6,39.55
3692,778,Tatiana Ignatieva ,BLR,9-Aug-93,91,11-Jun-74,1,1,2,147,9,41.61
1164,779,Celine Cohen ,SUI,7-Nov-88,114,5-Mar-67,1,1,2,148,8,48.88
3789,780,Amy Jonsson ,NOR,4-Jul-88,174,8-Jun-67,1,1,2,159,9,48.62
1764,781,Emmanuelle Derly ,FRA,1-Feb-88,115,30-Apr-70,1,1,2,161,7,45.73
4999,782,Kate McDonald ,AUS,5-Nov-90,187,21-Mar-70,1,1,2,170,9,45.84
3246,783,Yuko Hosoki ,JPN,21-Jul-97,167,12-Nov-68,1,1,2,173,14,47.19
9,784,Sofie Albinus ,DEN,3-Feb-92,163,21-Sep-72,1,1,2,181,10,43.33
17473,785,Riko Sawayanagi ,JPN,5-Oct-15,178,25-Oct-94,1,1,2,192,6,21.22
17407,786,Yuxuan Zhang ,CHN,21-Dec-15,195,19-Aug-94,1,1,2,194,6,21.41
5998,787,Katja Oeljeklaus ,GER,2-Dec-91,98,10-Feb-71,1,1,2,217,10,44.94
3991,788,Eva Krapl ,SUI,3-Jul-89,94,16-Jan-66,1,1,2,217,9,50.01
4042,789,Ann Kiyomura ,USA,31-Jan-83,31,22-Aug-55,1,1,2,220,14,60.42
6211,790,Tessa Price ,RSA,24-Oct-94,101,25-Mar-67,1,1,2,221,9,48.83
5032,791,Claudia Monteiro ,BRA,21-Dec-86,118,8-May-61,1,1,2,222,8,54.71
2488,792,Nancy Feber ,BEL,5-Feb-96,79,5-Feb-76,1,1,2,227,10,39.95
5806,793,Kyoko Nagatsuka ,JPN,14-Aug-95,28,22-Feb-74,1,1,2,248,11,41.91
1661,794,Vilmarie Castellvi ,PUR,20-Sep-04,125,21-Mar-81,1,1,2,256,9,34.83
8609,795,Caroline Vis ,NED,9-May-94,111,4-Mar-70,1,1,2,257,19,45.88
17071,796,Aliaksandra Sasnovich ,BLR,6-Oct-14,92,22-Mar-94,1,1,2,258,7,21.82
5238,797,Annie Miller ,USA,21-Sep-98,40,19-Jan-77,1,1,2,262,11,39.00
5015,798,Marcella Mesker ,NED,14-Mar-83,31,23-May-59,1,1,2,266,10,56.67
15714,799,Nigina Abduraimova ,UZB,29-Sep-14,144,7-Jul-94,1,1,2,267,8,21.52
16533,800,Lauren Davis ,USA,21-Jul-14,43,9-Oct-93,1,1,2,280,7,22.27
8578,801,Dinky Van Rensburg ,RSA,14-Jan-91,26,4-Mar-68,1,1,2,298,10,47.88
2794,802,Evonne Goolagong Cawley ,AUS,12-Sep-83,1,31-Jul-51,1,1,2,307,16,64.49
5007,803,Pat Medrado ,BRA,31-Jan-83,51,26-Nov-56,1,1,2,310,13,59.16
6146,804,"""Jane O'Donoghue ""]",GBR,26-Jul-04,189,29-Mar-83,1,1,2,328,8,32.81
11206,805,Nicole Vaidisova ,CZE,14-May-07,7,23-Apr-89,1,1,2,332,10,26.73
7458,806,Naoko Sawamatsu ,JPN,6-Feb-95,14,23-Mar-73,1,1,2,349,10,42.83
6252,807,Flora Perfetti ,ITA,21-Apr-97,54,29-Jan-69,1,1,2,354,14,46.98
466,808,Elise Burgin ,USA,31-Dec-85,27,5-Mar-62,1,1,2,354,14,53.88
7286,809,Anne Smith ,USA,1-May-82,12,1-Jul-59,1,1,2,360,20,56.56
14301,810,Amandine Hesse ,FRA,19-Oct-15,157,16-Jan-93,1,1,2,362,9,22.99
6189,811,Terry Phelps ,USA,26-May-86,20,18-Dec-66,1,1,2,362,9,49.09
9246,812,Emanuela Zardo ,SUI,6-May-91,27,24-Apr-70,1,1,2,406,14,45.74
6187,813,Eva Pfaff ,GER,21-Nov-83,17,10-Feb-61,1,1,2,407,14,54.95
9304,814,Anna Bielen-Zarska ,POL,3-Apr-00,146,22-Jul-79,1,1,2,433,13,36.49
8870,815,Clare Wood ,GBR,2-May-94,77,8-Mar-68,1,1,2,436,15,47.87
2960,816,Maria Geznenge ,GER,9-Sep-02,190,13-Mar-77,1,1,2,506,14,38.85
8865,817,Judith Wiesner ,AUT,13-Jan-97,12,2-Mar-66,1,1,2,576,15,49.89
17516,818,Ashleigh Barty ,AUS,30-Sep-13,129,24-Apr-96,0,2,2,122,5,19.72
4062,819,Angela Kerek ,GER,23-Mar-92,149,25-Jan-72,0,2,2,213,9,43.99
4983,820,Stacey Martin ,USA,23-Oct-89,58,13-Nov-70,0,2,2,226,10,45.19
8583,821,Corinne Vanier ,FRA,21-Dec-86,199,20-Sep-63,0,2,2,232,7,52.34
1186,822,Virag Csurgo ,HUN,20-Nov-95,160,10-Nov-72,0,2,2,302,14,43.19
3782,823,Michelle Jaggard-Lai ,AUS,10-May-93,83,6-May-69,0,2,2,356,11,46.71
9250,824,Radka Zrubakova ,SVK,21-Oct-91,22,26-Dec-70,0,2,2,473,13,45.07
2452,825,Alexandra Fusai ,FRA,26-Oct-98,37,22-Nov-73,0,2,2,553,15,42.16
716,826,Maria Francesca Bentivoglio ,ITA,23-Aug-93,73,27-Jan-77,1,0,1,66,3,38.98
2191,827,Heidi Eisterlenher ,GER,20-Jun-83,155,25-Jan-49,1,0,1,73,12,67.00
3276,828,Federica Haumuller ,ARG,25-Jun-90,102,5-Dec-72,1,0,1,74,5,43.12
5206,829,Alysia May ,USA,27-Jan-92,160,31-Jan-71,1,0,1,86,5,44.97
5068,830,Steffi Menning ,GER,31-Jul-89,188,2-Jan-71,1,0,1,100,7,45.05
2369,831,Michaela Frimmelova ,CZE,19-Dec-88,168,17-Sep-70,1,0,1,100,5,45.34
6210,832,Jennifer Prah ,USA,12-Sep-83,184,15-Jun-66,1,0,1,100,8,49.60
7304,833,Lisa Spain-Short ,USA,21-Dec-86,155,14-Jul-62,1,0,1,102,5,53.53
5801,834,Linda Niemantsverdriet ,NED,11-Apr-94,166,10-Dec-74,1,0,1,106,6,41.11
4573,835,Monica Lundqvist ,SWE,5-Jan-87,143,12-Apr-67,1,0,1,106,7,48.78
8872,836,Wendy Wood ,USA,25-Apr-88,185,20-Apr-64,1,0,1,106,5,51.76
8933,837,Suzanna Wibowo ,INA,14-Jan-91,195,25-Nov-63,1,0,1,109,18,52.16
7278,838,Anne Simpkin ,GBR,17-Jul-89,200,2-Apr-69,1,0,1,110,5,46.80
7312,839,Heliane Steden ,MEX,21-Dec-86,159,18-Jul-64,1,0,1,111,8,51.51
4865,840,Gabriela Lastra ,USA,15-Sep-03,193,7-Jun-80,1,0,1,119,6,35.61
5894,841,Aurandrea Narvaez ,USA,28-Sep-98,196,21-Nov-79,1,0,1,119,5,36.16
6977,842,Renee Reid ,AUS,22-Sep-97,174,28-May-78,1,0,1,120,5,37.64
3778,843,Lorenza Jachia ,ITA,5-Jan-87,144,24-Oct-68,1,0,1,122,9,47.24
17893,844,Jennifer Brady ,USA,20-Jul-15,176,12-Apr-95,1,0,1,123,6,20.76
7384,845,Julija Apostoli ,GRE,15-Oct-90,194,13-Aug-64,1,0,1,127,12,51.44
5042,846,Gabriela Mosca ,ARG,16-Jan-89,192,12-Aug-69,1,0,1,132,10,46.44
3208,847,Dee Ann Hansel ,USA,3-Aug-87,152,11-Jun-62,1,0,1,135,6,53.62
21276,848,Anhelina Kalinina ,UKR,27-Jul-15,148,7-Feb-97,1,0,1,144,4,18.93
6351,849,Noelia Perez-Penate ,ESP,3-Aug-92,121,6-Dec-72,1,0,1,147,10,43.12
5121,850,Ginevra Mugnaini ,ITA,26-Jul-93,170,2-Apr-73,1,0,1,148,7,42.80
2377,851,Shawn Foltz ,USA,15-Oct-84,73,21-Dec-67,1,0,1,148,8,48.08
409,852,Laura Bernstein ,USA,21-Dec-86,177,17-Mar-63,1,0,1,152,7,52.85
7393,853,Betty Stove ,NED,9-May-83,43,24-Jun-45,1,0,1,164,16,70.59
4972,854,Stacy Margolin ,USA,18-Jul-83,150,5-Apr-59,1,0,1,165,11,56.80
1190,855,Carrie Cunningham ,USA,18-Feb-91,38,28-Apr-72,1,0,1,166,8,43.73
8949,856,Sandra Waechtershauser ,GER,10-Jul-95,181,4-Mar-75,1,0,1,167,8,40.88
1435,857,Emmanuelle Curutchet ,FRA,22-Dec-97,160,19-Dec-78,1,0,1,168,7,37.08
8972,858,Petra Winzenholler ,GER,6-Mar-95,139,11-Mar-72,1,0,1,168,8,43.86
6799,859,Lucia Romanov ,ROM,31-Jan-83,49,28-Apr-59,1,0,1,172,7,56.74
6711,860,Emilse Raponi Longo ,ARG,4-Jan-88,165,19-Dec-57,1,0,1,173,8,58.10
462,861,Virginie Buisson ,FRA,18-Dec-95,154,20-Aug-69,1,0,1,175,12,46.42
3242,862,Petra Holubova ,CZE,14-Sep-92,132,12-Oct-68,1,0,1,176,9,47.27
2735,863,Melissa Gurney ,USA,30-Mar-87,17,24-Jun-69,1,0,1,177,8,46.58
925,864,Allison Bradshaw ,USA,25-Jun-01,102,14-Nov-80,1,0,1,180,9,35.18
8126,865,Cristina Tessi ,ARG,15-Jul-91,70,20-Jul-72,1,0,1,184,9,43.50
5758,866,Akemi Nishiya-Kinoshita ,JPN,10-Apr-89,112,11-Mar-65,1,0,1,186,10,50.87
10115,867,Yanchong Chen ,CHN,6-Nov-06,187,10-Apr-87,1,0,1,187,9,28.77
7268,868,Kim Shaefer ,USA,19-Mar-84,25,28-Sep-57,1,0,1,190,9,58.32
5633,869,Kelly Mc Cain ,USA,25-Oct-04,117,18-Mar-83,1,0,1,192,7,32.84
2733,870,Nathalie Guerree ,FRA,30-Jan-89,109,7-Jul-68,1,0,1,192,12,47.54
18510,871,Ipek Soylu ,TUR,16-Nov-15,153,15-Apr-96,1,0,1,193,6,19.75
8226,872,Min Tang ,HKG,24-Jul-95,112,26-Jan-71,1,0,1,195,9,44.98
16726,873,Yafan Wang ,CHN,20-Jul-15,125,30-Apr-94,1,0,1,197,7,21.71
4283,874,Tatiana Kovalchuk ,UKR,12-Jun-00,184,24-Jul-79,1,0,1,197,9,36.49
18933,875,Victoria Kan ,RUS,31-Mar-14,151,3-Aug-95,1,0,1,198,5,20.45
6491,876,Laura Pena ,ESP,23-Jun-97,158,1-Nov-79,1,0,1,200,7,36.21
7263,877,Yael Segal ,ISR,5-Jul-93,159,21-Jul-72,1,0,1,204,7,43.50
5738,878,Hu Na ,USA,29-Feb-88,48,16-Apr-63,1,0,1,205,10,52.77
12284,879,Eirini Georgatou ,GRE,16-May-11,176,1-Feb-90,1,0,1,207,7,25.95
6750,880,Barbara Romano ,ITA,23-Oct-89,74,14-Jan-65,1,0,1,208,9,51.02
3228,881,Jill Hetherington ,CAN,29-Feb-88,64,27-Oct-64,1,0,1,208,15,51.24
8913,882,Claire Wegink ,NED,12-Jul-93,118,29-Sep-67,1,0,1,209,7,48.31
18104,883,Donna Vekic ,CRO,15-Jul-13,62,28-Jun-96,1,0,1,212,6,19.55
2186,884,Pascale Etchemendy ,FRA,11-Jun-90,132,6-Jun-66,1,0,1,212,12,49.63
6651,885,Lana Popadic ,CRO,5-Jul-04,182,24-Apr-83,1,0,1,213,7,32.73
11625,886,Anda Perianu ,ROU,24-Jul-06,120,4-Jul-80,1,0,1,215,6,35.54
5978,887,Kumiko Okamoto ,JPN,24-Apr-89,75,19-Feb-65,1,0,1,217,12,50.92
17855,888,Barbora Krejcikova ,CZE,8-Jun-15,140,18-Dec-95,1,0,1,224,6,20.07
8362,889,Kristina Triska ,SWE,15-Sep-97,147,6-Mar-80,1,0,1,224,8,35.87
3971,890,Kristin Kinney ,USA,19-Jan-87,117,27-Aug-59,1,0,1,229,5,56.41
3509,891,Stephanie Mabry ,USA,26-May-97,175,23-Oct-79,1,0,1,231,9,36.24
1127,892,Marie-Christine Calleja ,FRA,13-Apr-87,94,14-Jan-64,1,0,1,233,9,52.02
7283,893,Susan Sloane-Lundy ,USA,3-Jul-89,19,5-Dec-70,1,0,1,241,9,45.13
11906,894,Samantha Murray ,GBR,23-Sep-13,165,9-Oct-87,1,0,1,248,9,28.27
4535,895,Kate Latham ,USA,17-Jan-83,42,25-Oct-52,1,0,1,250,14,63.25
2224,896,Mana Endo ,JPN,26-Sep-94,26,6-Feb-71,1,0,1,252,10,44.95
14225,897,Kai-Lin Zhang ,CHN,9-Nov-15,139,28-Jan-90,1,0,1,254,9,25.96
13008,898,Gail Brodsky ,USA,19-Mar-12,182,5-Jun-91,1,0,1,258,9,24.61
17137,899,Hiroko Kuwata ,JPN,10-Nov-14,152,18-Dec-90,1,0,1,261,7,25.08
4651,900,Susi Lohrmann ,GER,20-Dec-93,196,27-Mar-73,1,0,1,261,14,42.82
5095,901,Misumi Miyauchi ,JPN,19-Apr-93,115,6-Sep-71,1,0,1,261,12,44.37
9581,902,Yanze Xie ,CHN,7-Jun-04,184,11-Jan-84,1,0,1,264,9,32.02
7005,903,Brie Rippner ,USA,16-Aug-99,57,21-Jan-80,1,0,1,273,9,35.99
3781,904,Nicole Muns-Jagerman ,NED,14-May-90,43,23-Jul-67,1,0,1,274,12,48.50
13803,905,Isabella Holland ,AUS,5-Dec-11,179,2-Jan-92,1,0,1,276,10,24.04
5044,906,Catherine Mothes ,FRA,21-Jun-93,67,7-Jun-70,1,0,1,276,11,45.62
6287,907,Sofia Prazeres ,POR,9-Jun-97,152,19-Jun-74,1,0,1,278,11,41.59
8562,908,Neha Uberoi ,USA,29-Jan-07,196,6-Feb-86,1,0,1,284,10,29.94
8145,909,Jacqueline Trail ,USA,1-Mar-99,166,26-Nov-80,1,0,1,286,9,35.14
3233,910,Anne Hobbs ,GBR,30-Nov-81,33,21-Aug-59,1,0,1,288,12,56.42
16107,911,Luksika Kumkhum ,THA,20-Oct-14,85,21-Jul-93,1,0,1,295,7,22.48
17033,912,Monica Puig ,PUR,26-May-14,41,27-Sep-93,1,0,1,298,7,22.30
15789,913,Kateryna Kozlova ,UKR,6-Apr-15,100,20-Feb-94,1,0,1,299,8,21.90
10565,914,Anna Lapushchenkova ,RUS,24-May-10,93,24-Oct-86,1,0,1,301,9,29.23
4170,915,Maaike Koutstaal ,NED,24-Apr-95,189,20-Jun-75,1,0,1,304,10,40.58
15788,916,Elina Svitolina ,UKR,10-Aug-15,15,12-Sep-94,1,0,1,305,8,21.34
13638,917,Gabriela Dabrowski ,CAN,3-Nov-14,164,1-Apr-92,1,0,1,309,10,23.79
4554,918,Maria Lindstrom ,SWE,15-Feb-88,87,7-Mar-63,1,0,1,312,14,52.88
2706,919,Sara Gomer ,GBR,26-Sep-88,46,13-May-64,1,0,1,315,11,51.69
1457,920,Young-Ja Choi ,KOR,20-May-96,178,30-May-75,1,0,1,318,13,40.64
3990,921,Denisa Krajcovicova ,SVK,16-Sep-91,117,18-Nov-68,1,0,1,325,12,47.17
1814,922,Nanne Dahlman ,FIN,1-Feb-93,59,7-Sep-70,1,0,1,333,11,45.37
3452,923,Paula Hermida ,ESP,13-May-96,148,24-Oct-77,1,0,1,341,10,38.24
1363,924,Karen Cross ,GBR,22-Jun-98,134,19-Feb-74,1,0,1,342,11,41.92
7309,925,Shaun Stafford ,USA,22-Jan-90,48,13-Dec-68,1,0,1,344,11,47.10
14236,926,Paula Ormaechea ,ARG,21-Oct-13,59,28-Sep-92,1,0,1,347,9,23.30
8891,927,Shi-Ting Wang ,TPE,1-Nov-93,26,19-Oct-73,1,0,1,348,14,42.25
549,928,Sue Barker ,GBR,29-Aug-83,51,19-Apr-56,1,0,1,348,13,59.76
6632,929,Jelena Pandzic ,CRO,22-Sep-08,136,17-Mar-83,1,0,1,350,12,32.84
7185,930,Bryanne Stewart ,AUS,8-Apr-02,135,9-Dec-79,1,0,1,353,15,36.11
16073,931,Annika Beck ,GER,12-Oct-15,41,16-Feb-94,1,0,1,355,7,21.91
1593,932,Ansley Cargill ,USA,5-May-03,90,5-Jan-82,1,0,1,361,10,34.03
5256,933,Vanessa Menga ,BRA,22-Feb-99,163,20-Oct-76,1,0,1,371,15,39.25
8601,934,Andrea Vieira ,BRA,6-Nov-89,76,5-Feb-71,1,0,1,376,16,44.96
6258,935,Kimberly Po-Messerli ,USA,9-Jun-97,14,20-Oct-71,1,0,1,380,15,44.25
8596,936,Yvonne Vermaak ,RSA,28-Mar-83,20,18-Dec-56,1,0,1,383,16,59.10
2620,937,Eva Fislova ,SVK,11-Aug-03,98,17-Mar-81,1,0,1,395,12,34.84
4211,938,Evgenia Kulikovskaya ,RUS,9-Jun-03,91,21-Dec-78,1,0,1,396,13,37.08
6162,939,Pascale Paradis-Mangon ,FRA,21-Nov-88,20,24-Apr-66,1,0,1,397,12,49.75
7099,940,Margit Ruutel ,EST,21-Apr-08,162,4-Sep-83,1,0,1,421,15,32.37
3581,941,Jennifer Hopkins ,USA,24-Sep-01,52,10-Feb-81,1,0,1,430,8,34.93
12091,942,Alison Riske ,USA,9-Jun-14,40,3-Jul-90,1,0,1,431,12,25.54
13641,943,Varatchaya Wongteanchai ,THA,20-Jul-15,200,7-Sep-89,1,0,1,449,10,26.36
8012,944,u'Mar\xeda Emilia Salerni ,ARG,25-Feb-08,65,14-May-83,1,0,1,452,11,32.68
6870,945,Romana Tedjakusuma ,INA,4-Apr-94,82,24-Jul-76,1,0,1,453,17,39.49
2695,946,Laura Arraya ,PER,12-Mar-90,14,12-Jan-64,1,0,1,454,14,52.03
6207,947,Barbara Potter ,USA,17-Jan-83,10,22-Oct-61,1,0,1,460,12,54.25
8965,948,Vanessa Webb ,CAN,7-Aug-00,107,24-Jan-76,1,0,1,471,13,39.99
7014,949,Samantha Reeves ,USA,5-Aug-02,62,17-Jan-79,1,0,1,476,12,37.00
14052,950,Anastasiya Vasylyeva ,UKR,11-Aug-14,129,18-Jan-92,1,0,1,480,10,23.99
12460,951,Ling Zhang ,HKG,12-Sep-11,184,28-Oct-89,1,0,1,482,11,26.22
6720,952,Raffaella Reggi ,ITA,25-Apr-88,13,27-Nov-65,1,0,1,484,12,50.15
5951,953,Aiko Nakamura ,JPN,6-Aug-07,47,28-Dec-83,1,0,1,505,13,32.05
4553,954,Catarina Lindqvist ,SWE,15-Apr-85,10,13-Jun-63,1,0,1,506,12,52.61
8881,955,Virginia Wade ,GBR,12-Sep-83,33,10-Jul-45,1,0,1,508,19,70.55
1931,956,Mireille Dittmann ,AUS,12-Aug-02,197,10-Jan-74,1,0,1,524,16,42.02
6931,957,Dally Randriantefy ,MAD,11-Apr-05,44,23-Feb-77,1,0,1,525,15,38.90
6110,958,Seiko Okamoto ,JPN,16-Jan-06,178,14-Mar-78,1,0,1,529,15,37.85
13184,959,Karolina Pliskova ,CZE,17-Aug-15,7,21-Mar-92,1,0,1,537,10,23.82
7926,960,Abigail Spears ,USA,6-Jun-05,66,12-Jul-81,1,0,1,538,18,34.52
3930,961,Darija Jurak ,CRO,5-Apr-04,188,5-Apr-84,1,0,1,557,16,31.78
10605,962,Nudnida Luangnam ,THA,13-May-13,195,27-Feb-87,1,0,1,565,14,28.88
2626,963,Yuliana Fedak ,UKR,18-Sep-06,63,8-Jun-83,1,0,1,579,15,32.61
7656,964,Magui Serna ,ESP,12-Jan-04,19,1-Mar-79,1,0,1,587,14,36.88
10252,965,Laura Siegemund ,GER,26-Oct-15,90,4-Mar-88,1,0,1,593,14,27.87
1352,966,Asa Svensson ,SWE,1-Apr-96,28,16-Jun-75,1,0,1,610,15,40.59
490,967,Anca Barna ,GER,12-Apr-04,46,14-May-77,1,0,1,637,16,38.68
7488,968,Adriana Serra Zanetti ,ITA,11-Feb-02,38,5-Mar-76,1,0,1,639,18,39.87
6673,969,Pauline Parmentier ,FRA,21-Jul-08,40,31-Jan-86,1,0,1,676,14,29.96
6601,970,u'Marie-\xc8ve Pelletier ,CAN,20-Jun-05,106,18-May-82,1,0,1,690,18,33.67
8035,971,Barbora Strycova ,CZE,2-Mar-15,20,28-Mar-86,1,0,1,739,15,29.81
9393,972,Sandra Zahlavova ,CZE,21-Jun-10,78,10-Oct-85,1,0,1,768,14,30.27
8030,973,Chanelle Scheepers ,RSA,10-Oct-11,37,13-Mar-84,1,0,1,783,16,31.85
1419,974,Jill Craybas ,USA,17-Apr-06,39,4-Jul-74,1,0,1,889,20,41.55
6878,975,Ma. Luciana Reynares ,ARG,26-Oct-92,157,9-Feb-76,0,1,1,85,4,39.94
7328,976,Reeka Szikszay ,HUN,11-Jun-90,196,3-Aug-65,0,1,1,86,6,50.47
5127,977,Beverly Mould ,RSA,24-Dec-84,46,13-Mar-62,0,1,1,88,5,53.86
8869,978,Hester Witvoet ,NED,2-Jan-89,64,7-Jul-67,0,1,1,91,5,48.54
2721,979,Lisa Green ,USA,7-Nov-88,197,18-Jul-68,0,1,1,95,5,47.51
8863,980,Pam Whytcross ,AUS,7-Jan-85,150,25-Nov-53,0,1,1,102,15,62.16
459,981,Rebecca Bryant ,AUS,22-Jun-87,149,20-Dec-63,0,1,1,109,5,52.09
3961,982,Petra Keppeler ,GER,2-Feb-87,194,22-Mar-65,0,1,1,115,6,50.84
4564,983,Sarah Loosemore ,GBR,10-Sep-90,76,15-Jun-71,0,1,1,137,7,44.60
7260,984,Alison Scott ,AUS,18-Jul-88,178,8-Feb-68,0,1,1,145,9,47.95
5804,985,Pam Nelson ,USA,3-Nov-97,167,1-Jul-75,0,1,1,149,9,40.55
424,986,Renee Blount ,USA,21-Dec-86,153,12-May-57,0,1,1,149,11,58.70
618,987,Agnes Blumberga ,LAT,6-May-91,155,9-Apr-71,0,1,1,157,7,44.78
3241,988,Amy Holton ,USA,2-Mar-87,162,5-Apr-65,0,1,1,160,6,50.80
1775,989,Gabriela Dinu ,GER,6-Jul-87,123,16-Apr-60,0,1,1,172,9,55.77
20,990,Lea Antonoplis-Inoye ,USA,4-Feb-85,66,20-Jan-59,0,1,1,175,18,57.01
6729,991,Ronni Reis ,USA,27-Feb-89,78,10-May-66,0,1,1,179,9,49.70
3787,992,Catrin Jexell ,SWE,13-Apr-87,185,17-Feb-63,0,1,1,181,8,52.93
8171,993,Katharzyna Teodorowicz ,POL,16-May-94,198,28-Nov-72,0,1,1,190,12,43.14
2729,994,Amanda Grunfeld ,GBR,28-Sep-92,138,1-Mar-67,0,1,1,203,9,48.89
3252,995,Petra Huber ,AUT,1-Oct-84,37,15-Feb-66,0,1,1,206,8,49.93
8146,996,Michelle Casati ,USA,12-Nov-84,18,27-Jun-67,0,1,1,216,8,48.57
388,997,Penny Mager ,USA,23-Nov-87,104,11-Apr-64,0,1,1,220,11,51.78
8859,998,Anne White ,USA,17-Mar-86,19,28-Sep-61,0,1,1,220,11,54.32
2921,999,Petra Gaspar ,HUN,16-Sep-96,165,13-Feb-77,0,1,1,227,10,38.93
7277,1000,Sabina Simmonds ,ITA,14-Feb-83,31,17-Apr-60,0,1,1,233,13,55.77
6550,1001,Holly Parkinson ,USA,13-Nov-00,85,10-Feb-79,0,1,1,248,7,36.94
382,1002,Carin Bakkum ,NED,27-Mar-89,141,25-Jul-62,0,1,1,250,11,53.50
4997,1003,Shannan McCarthy ,USA,2-Nov-92,153,19-May-70,0,1,1,253,12,45.67
7486,1004,Shirli-Ann Siddall ,GBR,8-Dec-97,181,20-Jun-74,0,1,1,272,10,41.58
4964,1005,Eugenia Maniokova ,RUS,22-Jun-92,66,17-May-68,0,1,1,272,11,47.68
8842,1006,Sharon Walsh ,USA,19-Mar-84,29,24-Feb-52,0,1,1,310,21,63.92
4988,1007,Susan Mascarin ,USA,28-Apr-86,32,28-Jun-64,0,1,1,311,10,51.57
7726,1008,Irina Selyutina ,KAZ,14-Jan-02,85,7-Nov-79,0,1,1,312,9,36.20
3863,1009,Karolina Jagieniak ,FRA,22-Feb-99,199,4-Jun-79,0,1,1,320,11,36.62
3965,1010,Audra Keller ,USA,10-Aug-92,77,17-Nov-71,0,1,1,332,9,44.18
8133,1011,Petra Thoren ,FIN,23-Mar-92,73,8-Aug-69,0,1,1,333,10,46.45
13955,1012,Marta Sirotkina ,RUS,25-Feb-13,115,22-Mar-91,0,1,1,376,10,24.82
460,1013,Iva Budarova ,CZE,15-Aug-83,24,31-Jul-60,0,1,1,381,14,55.48
4565,1014,Peanut Harper ,USA,1-Apr-85,19,15-Aug-60,0,1,1,389,20,55.44
9324,1015,Dragana Zaric ,SCG,2-Apr-01,157,1-Aug-77,0,1,1,399,13,38.47
2726,1016,Ann Wunderlich ,USA,16-Aug-93,29,13-Oct-70,0,1,1,427,12,45.27
6190,1017,Mary Lou Daniels ,USA,17-Jan-83,31,6-Aug-61,0,1,1,437,20,54.46
1351,1018,Catalina Cristea ,ROM,21-Jul-97,59,2-Jun-75,0,1,1,466,15,40.63
13023,1019,Katarzyna Piter ,POL,12-May-14,95,16-Feb-91,0,1,1,482,11,24.91
13403,1020,Petra Kvitova ,CZE,31-Oct-11,2,8-Mar-90,0,1,1,551,10,25.86
4960,1021,Katerina Maleeva ,BUL,9-Jul-90,6,7-May-69,0,1,1,581,13,46.71
8334,1022,Ma. Eugenia Vago ,ARG,1-Aug-83,161,23-Jul-74,0,0,0,3,4,41.49
3671,1023,Mary Innes ,RSA,3-Feb-86,18,9-Oct-70,0,0,0,3,1,45.28
7189,1024,Adriana Sandoval ,MEX,4-Feb-85,119,9-Feb-68,0,0,0,19,12,47.95
6200,1025,Barbara Pollet ,AUT,21-Dec-86,192,17-May-63,0,0,0,55,7,52.68
4998,1026,Kay McDaniel ,USA,2-Feb-87,196,27-Sep-57,0,0,0,55,7,58.32
418,1027,Sandra Birch ,USA,11-Sep-89,187,3-Sep-69,0,0,0,56,6,46.38
23855,1028,Catherine Bellis ,USA,27-Jul-15,152,8-Apr-99,0,0,0,58,2,16.77
3962,1029,Kimberly Kessaris ,USA,17-Jul-89,124,27-Mar-73,0,0,0,60,4,42.82
6303,1030,Pilar Perez ,ESP,21-Oct-91,191,22-Sep-73,0,0,0,65,3,42.33
2404,1031,Andrea Farley ,USA,3-Jul-89,118,30-Dec-71,0,0,0,65,5,44.06
13782,1032,Mallory Burdette ,USA,24-Jun-13,68,28-Jan-91,0,0,0,72,6,24.96
8900,1033,Tami Whitlinger-Jones ,USA,16-Nov-92,183,13-Nov-68,0,0,0,82,6,47.19
436,1034,Catherine Bonnet ,FRA,1-Aug-88,192,5-Mar-65,0,0,0,86,7,50.88
7366,1035,Karen Shin ,USA,25-Sep-89,176,5-Jul-68,0,0,0,91,5,47.55
1172,1036,Caryn Copeland ,USA,30-Mar-87,163,14-Mar-61,0,0,0,93,7,54.86
2805,1037,Dana Gilbert ,USA,17-Jan-83,46,26-Nov-59,0,0,0,94,6,56.16
5774,1038,Christine Neuman ,USA,17-Jun-96,171,14-Jul-72,0,0,0,95,7,43.52
7321,1039,Karim Strohmeier ,PER,11-Nov-85,118,1-Nov-69,0,0,0,97,5,46.22
6719,1040,Sally Reeves ,GBR,27-Apr-87,199,7-Aug-64,0,0,0,102,5,51.46
390,1041,Linda Barnard ,RSA,1-Feb-88,191,10-Aug-68,0,0,0,108,6,47.45
2444,1042,Christelle Fauche ,SUI,13-Jul-92,80,9-Jun-73,0,0,0,109,5,42.61
23204,1043,Daria Kasatkina ,RUS,2-Nov-15,71,7-May-97,0,0,0,111,3,18.69
3840,1044,Michelle Jackson Nobrega ,USA,13-Mar-95,108,28-Dec-73,0,0,0,115,5,42.06
18262,1045,Taylor Townsend ,USA,16-Feb-15,94,16-Apr-96,0,0,0,116,6,19.75
6203,1046,Anouschka Popp ,GER,20-May-91,164,19-Jul-72,0,0,0,116,6,43.50
9137,1047,Jane Young ,CAN,2-Feb-87,181,31-May-65,0,0,0,116,7,50.64
4958,1048,Cynthia Macgregor ,USA,14-Mar-88,177,26-Mar-64,0,0,0,116,9,51.82
9258,1049,Agnes Zugasti ,FRA,13-Jan-92,169,15-May-72,0,0,0,119,6,43.68
2176,1050,Leigh Anne Eldredge ,USA,24-Apr-89,112,14-Dec-64,0,0,0,120,8,51.10
6395,1051,Kelly S Wilson ,USA,14-Oct-96,196,5-Sep-73,0,0,0,121,9,42.37
2346,1052,Cecilia Fernandez-Parker ,USA,14-Sep-87,149,28-Jun-63,0,0,0,121,7,52.57
21350,1053,Katerina Stewart ,USA,27-Jul-15,158,17-Jul-97,0,0,0,123,4,18.49
4163,1054,Hanneke Ketelaars ,NED,6-Mar-95,186,17-Apr-74,0,0,0,123,6,41.76
3783,1055,Sandrine Jaquet ,SUI,24-Apr-89,170,14-Apr-71,0,0,0,124,9,44.77
2399,1056,Robyn Field ,RSA,1-Oct-90,199,27-Jun-66,0,0,0,124,4,49.57
20962,1057,Ivana Jorovic ,SRB,21-Dec-15,190,3-May-97,0,0,0,125,4,18.70
7250,1058,Myriam Schropp ,GER,21-Dec-86,173,29-Apr-66,0,0,0,125,7,49.73
8520,1059,Rene Uys ,RSA,15-Oct-84,39,16-Jul-64,0,0,0,125,5,51.52
6218,1060,Ginny Purdy ,USA,23-Jun-86,40,15-Nov-66,0,0,0,126,6,49.18
8711,1061,Reka Vidats ,HUN,28-Jul-97,193,19-Jul-79,0,0,0,127,6,36.50
646,1062,Klara Blahova ,CZE,19-Jul-93,194,2-Apr-73,0,0,0,129,5,42.80
21432,1063,Ana Konjuh ,CRO,15-Jun-15,55,27-Dec-97,0,0,0,130,4,18.05
20431,1064,Naomi Osaka ,JPN,30-Nov-15,143,16-Oct-97,0,0,0,133,4,18.24
8149,1065,Olga Tsarbopoulou ,GRE,29-Aug-88,117,19-Jun-68,0,0,0,134,9,47.59
3705,1066,Olga Ivanova ,RUS,18-Dec-95,162,3-Feb-77,0,0,0,136,8,38.96
458,1067,Melissa Brown ,USA,20-Aug-84,45,11-Apr-68,0,0,0,136,9,47.78
8614,1068,Olga Votavova ,CZE,19-Jan-87,169,10-Jul-66,0,0,0,138,11,49.53
5109,1069,Andrea Mueller ,GER,30-Jul-90,183,21-Aug-65,0,0,0,139,6,50.42
1154,1070,Carol Christian ,USA,1-Aug-88,111,9-Nov-62,0,0,0,141,6,53.20
3325,1071,Barbara Hallquist ,USA,17-Jan-83,56,1-May-57,0,0,0,143,8,58.73
7540,1072,Katie Schlukebir ,USA,26-Oct-98,188,29-Apr-75,0,0,0,145,11,40.73
6735,1073,Susan Rimes ,USA,3-Aug-87,179,15-Apr-59,0,0,0,145,6,56.78
391,1074,Lindsay Bartlett ,USA,25-Apr-88,175,31-Jul-62,0,0,0,146,7,53.48
1734,1075,Helena Dahlstrom ,SWE,21-Dec-86,166,13-May-68,0,0,0,147,8,47.69
3959,1076,Kathrin Keil ,USA,26-Oct-87,68,28-Nov-62,0,0,0,149,10,53.15
28,1077,Sabine Auer ,GER,21-Nov-88,125,2-Oct-66,0,0,0,150,10,49.30
4523,1078,Silvia La Fratta ,ITA,19-Jun-89,114,5-Nov-67,0,0,0,151,9,48.21
7295,1079,Niurka Sodupe ,USA,9-Jun-86,108,19-Apr-69,0,0,0,154,10,46.76
2713,1080,Jennifer Goodling ,USA,17-Jan-83,187,26-Apr-62,0,0,0,154,11,53.74
431,1081,Katerina Bohmova ,CZE,9-Nov-87,196,22-Jan-58,0,0,0,155,9,58.00
1,1082,Anne Aallonen ,FIN,23-Oct-89,179,15-Jul-67,0,0,0,163,7,48.52
4047,1083,Svetlana Komleva ,MDA,13-Mar-95,132,15-Dec-73,0,0,0,167,10,42.10
4271,1084,Nora Koves ,HUN,24-May-99,181,13-Jun-71,0,0,0,169,8,44.61
5766,1085,Caterina Nozzoli ,ITA,27-Apr-87,130,29-Jun-67,0,0,0,169,9,48.56
4537,1086,Maider Laval ,FRA,7-Jan-91,139,18-May-70,0,0,0,171,8,45.68
2704,1087,Jamie Golder ,USA,3-Aug-87,165,21-Jan-62,0,0,0,175,7,54.00
17409,1088,Elise Mertens ,BEL,16-Nov-15,151,17-Nov-95,0,0,0,176,5,20.16
3556,1089,Tina Hergold ,SLO,4-Dec-00,157,18-Oct-81,0,0,0,176,6,34.25
5969,1090,"""Lisa O'Neill ""]",AUS,4-Jul-88,145,8-Aug-68,0,0,0,176,9,47.45
20904,1091,Katerina Siniakova ,CZE,13-Jul-15,65,10-May-96,0,0,0,178,4,19.68
20807,1092,Louisa Chirico ,USA,16-Nov-15,109,16-May-96,0,0,0,179,4,19.66
1676,1093,Myriam Casanova ,SUI,7-Apr-03,45,20-Jun-85,0,0,0,180,11,30.58
412,1094,Andrea Betzner ,GER,5-Jan-87,115,10-Jul-66,0,0,0,181,8,49.53
721,1095,Dawn Buth ,USA,19-Mar-01,96,29-May-76,0,0,0,186,8,39.64
2178,1096,Jessica Emmons ,USA,3-Feb-92,131,13-Sep-70,0,0,0,187,8,45.35
6036,1097,Angelique Olivier ,FRA,1-Feb-93,151,12-Jun-75,0,0,0,191,9,40.61
7244,1098,Karen Schimper ,RSA,23-May-88,75,26-May-67,0,0,0,191,9,48.66
3669,1099,Anna Ivan ,USA,7-Jul-86,39,17-Jan-66,0,0,0,191,7,50.01
15658,1100,Marcela Zacarias ,MEX,5-Oct-15,181,26-Mar-94,0,0,0,192,8,21.81
6237,1101,Laxmi Poruri ,USA,5-Feb-96,110,9-Nov-72,0,0,0,193,12,43.19
8586,1102,Inmaculada Varas ,ESP,24-Oct-88,174,8-Dec-64,0,0,0,194,11,51.12
2372,1103,Hana Fukarkova ,CZE,15-Aug-88,168,7-Feb-64,0,0,0,194,8,51.96
19592,1104,Mayo Hibi ,JPN,14-Sep-15,170,3-Apr-96,0,0,0,201,5,19.78
601,1105,Estefania Bottini ,ESP,30-Mar-92,159,3-Feb-74,0,0,0,201,8,41.96
3980,1106,Yukie Koizumi ,JPN,30-Jan-89,159,24-Jan-58,0,0,0,201,11,58.00
5025,1107,Elizabeth Minter ,AUS,26-Oct-87,66,23-Aug-65,0,0,0,202,9,50.41
1977,1108,Siobhan Drake Brockman ,AUS,8-Sep-97,109,7-Apr-78,0,0,0,203,6,37.78
9082,1109,Angelique Widjaja ,INA,31-Mar-03,55,12-Dec-84,0,0,0,204,9,31.10
3236,1110,Andrea Holikova ,CZE,25-Apr-88,112,15-Jan-68,0,0,0,205,7,48.02
3953,1111,Carina Karlsson ,SWE,8-Jun-87,118,11-Sep-63,0,0,0,205,9,52.36
20862,1112,Nao Hibino ,JPN,23-Nov-15,66,28-Nov-94,0,0,0,206,4,21.13
2461,1113,Federica Fortuni ,ITA,10-Jul-95,155,30-Sep-74,0,0,0,209,10,41.30
15852,1114,u'Adriana P\xe9rez ,VEN,14-Apr-14,186,20-Nov-92,0,0,0,210,7,23.15
2207,1115,Nadine Ercegovic ,CRO,24-May-93,61,2-Feb-73,0,0,0,210,10,42.96
8862,1116,Tammy Whittington ,USA,10-Aug-92,105,12-Oct-65,0,0,0,210,8,50.28
19250,1117,Samantha Crawford ,USA,30-Nov-15,141,18-Feb-95,0,0,0,212,5,20.90
443,1118,Gabriella Boschiero ,ITA,11-Sep-95,174,13-Jan-72,0,0,0,215,11,44.02
855,1119,Celine Beigbeder ,FRA,15-Apr-02,84,2-Feb-75,0,0,0,217,11,40.96
7264,1120,Ana Segura ,ESP,19-Aug-91,185,5-Feb-69,0,0,0,217,9,46.96
6167,1121,Svetlana Parkhomenko ,RUS,30-Jan-89,72,8-Oct-62,0,0,0,217,12,53.29
7193,1122,Jennifer Santrock ,USA,15-Feb-93,103,26-Feb-69,0,0,0,219,9,46.90
8135,1123,Andrea Tiezzi ,ARG,31-Jan-83,138,26-Nov-64,0,0,0,223,10,51.15
8572,1124,Marianne Van Der Torre ,NED,31-Jan-83,135,18-Aug-61,0,0,0,224,11,54.43
1769,1125,Neige Dias ,BRA,5-Dec-88,31,5-Dec-66,0,0,0,225,6,49.13
10614,1126,Georgie Gent ,GBR,4-May-09,178,13-Jan-88,0,0,0,227,8,28.01
10809,1127,Valerie Tetreault ,CAN,22-Feb-10,112,21-Jan-88,0,0,0,231,9,27.99
2175,1128,Maria Ekstrand ,SWE,15-Jul-91,149,2-Mar-70,0,0,0,232,9,45.89
5049,1129,Jennifer Mundel-Reinbold ,RSA,15-Aug-83,55,20-Jan-62,0,0,0,232,9,54.01
8603,1130,Adriana Villagran-Reami ,ARG,1-Aug-88,99,7-Aug-56,0,0,0,234,12,59.46
2022,1131,Eva Dyrberg ,DEN,20-May-02,77,17-Feb-80,0,0,0,235,9,35.92
7748,1132,Ekaterina Sysoeva ,RUS,12-Aug-02,178,3-Jun-81,0,0,0,236,10,34.62
18332,1133,Risa Ozaki ,JPN,28-Sep-15,130,10-Apr-94,0,0,0,237,6,21.76
8178,1134,Pam Teeguarden ,USA,17-Jan-83,81,17-Apr-51,0,0,0,239,18,64.78
4294,1135,Renata Kucerova ,CZE,31-Jan-00,177,15-Jul-79,0,0,0,240,8,36.51
5775,1136,Hiromi Nagano ,JPN,26-Jun-95,153,20-Jul-71,0,0,0,240,11,44.50
2334,1137,Donna Faber ,USA,25-Jun-90,55,5-Jul-71,0,0,0,245,8,44.55
4021,1138,Yone Kamio ,JPN,16-Oct-95,24,22-Nov-71,0,0,0,249,9,44.16
16136,1139,Su Jeong Jang ,KOR,21-Dec-15,197,13-Mar-95,0,0,0,251,7,20.84
13169,1140,Maria Sanchez ,USA,8-Jul-13,107,26-Nov-89,0,0,0,266,10,26.14
8850,1141,Sandra Wasserman ,BEL,14-Aug-89,48,10-Mar-70,0,0,0,271,10,45.87
697,1142,Gail Biggs ,AUS,9-Feb-98,200,25-Aug-70,0,0,0,273,9,45.41
5977,1143,Emiko Sakaguchi ,JPN,11-May-87,120,28-Dec-64,0,0,0,274,11,51.07
5029,1144,Tina Mochizuki ,USA,21-Dec-86,88,24-Nov-52,0,0,0,279,10,63.17
8141,1145,Claudine Toleafoa ,NZL,28-Jan-91,121,14-Apr-63,0,0,0,280,11,52.78
1930,1146,"""Miriam D'Agostini ""]",BRA,10-Jul-00,188,15-Aug-78,0,0,0,282,11,37.43
5826,1147,Martina Nejedly ,CAN,5-Jan-98,179,26-May-75,0,0,0,286,11,40.65
17704,1148,Anna Karolina Schmiedlova ,SVK,12-Oct-15,26,13-Sep-94,0,0,0,289,6,21.34
4816,1149,Louise Latimer ,GBR,15-Jan-01,107,19-Jan-78,0,0,0,294,7,38.00
14431,1150,Nicole Gibbs ,USA,2-Mar-15,84,3-Mar-93,0,0,0,298,9,22.87
15349,1151,Viktorija Golubic ,SUI,31-Mar-14,156,16-Oct-92,0,0,0,305,8,23.25
2705,1152,Sabrina Goles-Babic ,CRO,2-Feb-87,27,3-Jun-65,0,0,0,305,8,50.64
12253,1153,Natalie Piquion ,FRA,1-Nov-10,177,18-Sep-88,0,0,0,307,9,27.33
15214,1154,Grace Min ,USA,2-Mar-15,97,6-May-94,0,0,0,308,8,21.69
6292,1155,Christina Papadaki ,GRE,10-May-99,72,24-Feb-73,0,0,0,311,12,42.90
637,1156,Catherine Barclay-Reitz ,AUS,23-Nov-98,157,12-Jun-73,0,0,0,315,16,42.61
4571,1157,Heather Ludloff ,USA,15-Aug-83,57,11-Jun-61,0,0,0,319,15,54.62
8890,1158,Tami Jones ,USA,17-Jun-91,41,13-Nov-68,0,0,0,322,11,47.19
14239,1159,Shuko Aoyama ,JPN,9-Feb-15,182,19-Dec-87,0,0,0,330,9,28.08
7279,1160,Christina Singer-Bath ,GER,11-Sep-95,41,27-Jul-68,0,0,0,330,16,47.48
4959,1161,Gretchen Magers ,USA,16-Sep-85,13,7-Feb-64,0,0,0,331,12,51.96
9453,1162,Carly Gullickson ,USA,20-Jul-09,123,26-Nov-86,0,0,0,332,12,29.14
1195,1163,Rosie Casals ,USA,12-Sep-83,47,16-Sep-48,0,0,0,332,26,67.36
12840,1164,Sacha Jones ,AUS,8-Oct-12,150,8-Nov-90,0,0,0,334,11,25.19
14824,1165,Sloane Stephens ,USA,21-Oct-13,11,20-Mar-93,0,0,0,336,9,22.82
14542,1166,Caroline Garcia ,FRA,23-Mar-15,25,16-Oct-93,0,0,0,337,9,22.25
3720,1167,Haruka Inoue ,JPN,17-Aug-98,108,7-Jun-77,0,0,0,339,15,38.62
14281,1168,Paula Kania ,POL,15-Jun-15,128,6-Nov-92,0,0,0,345,9,23.19
9228,1169,Zi Yan ,HKG,5-May-08,40,12-Nov-84,0,0,0,360,14,31.18
6903,1170,Gisela Riera ,ESP,7-Jun-99,136,7-May-76,0,0,0,368,13,39.70
8860,1171,Robin White ,USA,19-Jan-87,15,10-Dec-63,0,0,0,377,13,52.12
2332,1172,Soledad Esperon ,ARG,23-Mar-09,166,8-Feb-85,0,0,0,379,10,30.94
5288,1173,Karin Miller ,USA,6-Jul-98,100,10-Dec-77,0,0,0,383,12,38.11
15588,1174,Lesley Kerkhove ,NED,13-Jul-15,195,4-Nov-91,0,0,0,386,8,24.20
7718,1175,Anne-Gaelle Sidot ,FRA,14-Aug-00,24,24-Jul-79,0,0,0,389,10,36.49
2351,1176,Louise Field ,AUS,28-Aug-89,96,25-Feb-67,0,0,0,393,13,48.90
13047,1177,Jessica Moore ,AUS,27-Oct-08,132,16-Aug-90,0,0,0,403,10,25.42
14448,1178,Lara Arruabarrena ,ESP,6-May-13,70,20-Mar-92,0,0,0,411,9,23.82
7323,1179,Catherine Suire ,FRA,14-May-84,52,15-Sep-59,0,0,0,414,14,56.36
3824,1180,Sonya Jeyaseelan ,CAN,4-Dec-00,48,24-Apr-76,0,0,0,417,14,39.74
13793,1181,Camila Giorgi ,ITA,27-Jul-15,30,30-Dec-91,0,0,0,422,10,24.04
15532,1182,Diana Marcinkevica ,LAT,28-Apr-14,196,3-Aug-92,0,0,0,423,8,23.45
9933,1183,Angela Haynes ,USA,22-Aug-05,95,27-Sep-84,0,0,0,424,11,31.30
2260,1184,Annabel Ellwood ,AUS,21-Apr-97,57,2-Feb-78,0,0,0,432,12,37.96
437,1185,Federica Bonsignori ,ITA,13-May-91,28,20-Nov-67,0,0,0,432,19,48.17
7524,1186,Larissa Schaerer ,PAR,23-Feb-98,136,15-Apr-75,0,0,0,438,14,40.76
11056,1187,Raluca Olaru ,ROU,27-Jul-09,53,3-Mar-89,0,0,0,445,13,26.87
6725,1188,Elna Reinach ,RSA,13-Feb-89,26,2-Dec-68,0,0,0,445,13,47.13
13564,1189,Bojana Jovanovski ,SRB,4-Aug-14,32,31-Dec-91,0,0,0,449,10,24.04
2167,1190,Ekaterina Dzehalevich ,BLR,6-Oct-08,134,3-May-86,0,0,0,456,15,29.71
208,1191,Shinobu Asagoe ,JPN,18-Apr-05,21,28-Jun-76,0,0,0,484,13,39.56
5023,1192,Anne Harris ,AUS,4-Jul-88,23,3-Apr-63,0,0,0,509,15,52.81
4521,1193,Florencia Labat ,ARG,12-Sep-94,26,12-Jun-71,0,0,0,523,15,44.61
6269,1194,Maja Palaversic Coopersmith ,CRO,17-Sep-01,117,24-Mar-73,0,0,0,533,15,42.82
8293,1195,Elena Tatarkova ,UKR,18-Jan-99,45,22-Aug-76,0,0,0,537,14,39.41
11570,1196,Cagla Buyukakcay ,TUR,23-Feb-15,108,28-Sep-89,0,0,0,540,12,26.30
6031,1197,Miriam Oremans ,NED,26-Jul-93,25,9-Sep-72,0,0,0,545,14,43.36
11101,1198,Sesil Karatantcheva ,BUL,7-Nov-05,35,8-Aug-89,0,0,0,552,11,26.44
6173,1199,Mercedes Paz ,ARG,29-Apr-91,28,27-Jun-66,0,0,0,560,15,49.57
135,1200,Lucie Ahl ,GBR,1-Apr-02,161,23-Jul-74,0,0,0,562,13,41.49
9688,1201,Marta Domachowska ,POL,3-Apr-06,37,16-Jan-86,0,0,0,574,15,30.00
7767,1202,Antonella Serra Zanetti ,ITA,30-Jan-06,60,25-Jul-80,0,0,0,588,14,35.48
849,1203,Angelika Bachmann ,GER,17-Apr-00,130,16-May-79,0,0,0,599,15,36.68
9448,1204,Chin-Wei Chan ,TPE,2-Oct-06,152,8-Jan-85,0,0,0,615,15,31.02
10365,1205,Tsvetana Pironkova ,BUL,13-Sep-10,31,13-Sep-87,0,0,0,636,14,28.34
5003,1206,Lori McNeil ,USA,4-Jul-88,9,18-Dec-63,0,0,0,747,20,52.10
2367,1207,Amy Frazier ,USA,27-Feb-95,13,19-Sep-72,0,0,0,837,21,43.33
6990,1208,Petra Rampre ,SLO,30-Apr-12,151,20-Jan-80,0,0,0,918,22,35.99
